;count
Alstom;110436
Deutsche Bahn;7935
Knorr Bremse;3918
Gruber;2176
Faiveley;2074
Stadtwerke Verkehrsgesellschaft;1737
Schenker;1641
Bochumer Verein Verkehrstechnik;1613
Kabel Technik Polska;1523
Si Bog Service & Cro;1461
Si Bog Wheelset Center;1097
4PL Centralstation;949
Db Cargo;814
Stemmann Technik;813
Siemens;793
Polmor;760
Lucchini;731
Asteelflash;702
Axtone;659
Fa Kaufmann & Co Kg;636
Annax;630
Geta;624
Gutehoffnungshütte Radsatz;595
Met Chem;582
BVG;556
Wiener Linien;538
S Bahn;515
Liebherr;490
ABB;479
Rudolf Pützer;464
Hitachi;463
Techno Composites Domine;455
Wabtec;443
AEG;415
Kuhne & Nagel;405
Schaltbau;397
Sbf Spezialleuchten;394
Photon Laser Manufacturing;387
GS Elektroanlagen;387
Pws;380
Voith;379
Linz Linien;376
Schunk;366
Verkehrsbetriebe Karlsruhe;354
Microelettrica Scientifica Spa;350
Flachglas Wernberg;348
Bachleitner Technology;338
Trelleborg Antivibration Solutions Germany Logistikzentrum Rhenus Ag&Cokg;333
Innsbrucker Verkehrsbetriebe Und Stubaitalbahn;332
Db 1800 0100;332
Trelleborg Antivibration Solutions;324
Bode;323
Dresdener Verkehrsbetriebe;319
Dellner;317
Gpv Sweden;315
Premium Solutions Group;308
RCS;307
Fa Ferrotechnik Maschinenbau;303
Hubner;301
Color Solution Srl;297
Hanning & Kahl;295
Hilgendorf + Co;292
KWM;290
Daher;284
KVB;283
Opakmet;278
Zollner;271
Kovis Doo;269
Enics Sweden;266
Bonatrans Group As;266
Isoflex  Marvin Info@Isoflexse;263
Welte Rohrbiegetechnik;263
Itt Holdings Czech Republic Sro;253
Franz Kiel;252
Westermo Network Technologies;248
Nowe;242
Ralf Schwarzer Verkehrstechnik Gmbhwerk 1;241
Rheinbahn;239
Gsp Sprachtechnologie;239
Mtm Power Messtechnik Mellenbach;236
Wiener Lokalbahn;234
CAF;226
Abellio;226
Power Innovation Stromversorgungstechnik;225
Televic Rail;219
Delquignies;219
Metawell;218
DMT;218
König;216
Ptc Rail Services;216
Delimon;214
Dortmunder Stadtwerke;213
Strabag Infrastructure & Safety Solutions;209
Gtb Bahntechnik;209
Railpool;207
Sirail;200
ÖBB;199
Fr 72120 St Calais Chemin Des Vignes;198
Duisburger;198
Uab Kitron;198
Lakowa;197
Gve Viehbeck Engineering + Systemtechnik;195
Tever Technik;192
Rafi & Co Kg;190
Zf Friedrichshafen;189
Vicuña Leitza;188
Ziegeleistrasse;186
Schließ Und Sicherungssysteme;186
Ruhrbahn;185
Smw Spezialmaschinen Und Werkzeugbau & Co Kg;184
Aspern Warehouse;184
Heba Tec;184
Gw Batterien;182
Rawicka Fabryka;179
Teknoware Oy;172
Id Logistics France;170
Niedax France;169
Weber & Co;165
Lgi Czechia Sro;162
Gpv Estonia As;161
R2P;160
Elh Waggonbau Niesky;159
Funkwerk;158
A&R Tech;157
Richard Murgenthal;153
Aq Electric Ad;151
Mahle;151
Trispel;148
Abs Storkow;148
Strojírna Litvínov Spol S R O;147
Telema Spa;147
RFWW;146
EC Engineering;142
Hadrian & Co;141
Flender;141
Paul Druseidt Elektrotechnische Spezialfabrik & Co Kg;141
Trelleborg Antivibration Solutionsgmbh;137
Addit;137
IFE CR AS;136
Helmholz & Pauli;134
Fonderia Boccacci Spa;132
Aq Wiring Systems Zoo;131
Kasper Elektronik;131
Sncfl;130
Seisenbacher;130
Sazcilar;129
Atos;128
Bochumer Verein;126
Rattay Metallschlauch Und Kompensatorentechnik;125
Schließ & Sicherungssysteme;125
Rcc Nova Z Oo;125
Aa Logistik;121
Db Zugbus Regionalverkehr;119
Duagon;117
Dillinger France ( Gts )  Gp3  Na Arcelor Dunkerque Site;114
Dresdner Verkehrsbetriebe;114
Color Solution(Fonderia Boccacci);114
Nedtrain;114
Airtronic;113
Cdl Präzisionstechnik;113
Sperling;113
Ncb Lohmann;112
Ncb Lohmann Gmbhncb Lohmann;108
Schaltgerätewerk Werder & Co Kommanditgesellschaft;108
Ig Watteeuw Čr Sro;107
Kaufmann & Cokg;105
DSB;105
Blg Logistics Solutions Logistikzentrum Krefeld;104
MGW;103
Secheron;102
Woka Elektronik;102
Lgi Czechia S R O;101
Elektromotoren Müller;100
Satek;100
Ritz Messwandler;100
Trescom Technology;98
Gf Casting Solutions Leipzig;97
Kaufmann & Co Kg;96
Lutec Pks;95
Jst S R O;95
Vilati Gyártó Zrt;95
Lummer & Rudel;94
Promeco Oyyrityspuisto;93
Stratiforme Polska;93
Ghh Radsatz;92
Rebs Zentralschmiertechnik;92
Hmh Sro;90
Gedack Rohrsysteme;90
Spring;89
Federnwerke Jp Grueber & Co Kg;89
Nomad Digital;88
Banksstraat 1;88
Zos;88
Niedax Ebo Schweiz;88
Gsi Manufaktur;87
Sogefi Hd Suspensions Germany;86
Comet Fans Srl;85
Carl Wilheim Cleff;84
Göcke;83
S&S Mühlhausen;83
Jenaer Nahverkehr;83
Sec Spol S Ro;81
5M S R O;81
Bemax;80
Elbe Flugzeugwerke;79
Technograv;79
Egm Elektrotechnik;77
Segu Gummi Und Kunststofftechnik Industriebedarf;77
Gutehoffnungshütte Radesatz;76
Triwin Spol S Ro;76
Wilhelm Schmidt;76
Ig Watteeuw Cr Sro;76
Fogtec;75
Zeppelin Power Systems;75
Metallwarenfabrik Bremen;75
Atlas Copco;75
Freja Transport & Logistics;75
Akiem;73
Duray Ulasim;73
Paulstra Snc;72
Walter Kraus;72
Shp Primaflex;72
Profilaser Bohemia As;71
Hans Stork;70
Kunststofftechnik Hennigsdorf;70
Omer Spa;70
Tmf Operating;70
Prettl Electrical Systems Sro;70
Aq Inductives Hungary Kft;69
Feal Doo;67
Wagenrevision Rudolfsheim;67
Msb Elektronik Und Gerätebau;67
CFF;67
Nonbye Creafol;66
Osterkamp;66
Sbrs;66
Bkt;66
Rexhi;66
Jörn;65
Heinz Ringelberg Ohg;65
Kaufmann Met;65
Ptc Rail Oem;65
Glas Trösch;64
Rnv Hauptlager;64
Hutchinson;64
Bel Power Solutions;63
Hansa;63
Asemakatu 34;63
Kasseler Verkehrsgesellschaft Lager 15;63
Baser;63
Buster Gfc Spzoo;63
Team Industries Sro;62
Kupplungswerk Dresden;62
Ghh Radsatz Oberhausen;62
Jarmüszerelvenyt Gyarto Zrt;62
Vias Rail;62
Kiepe;61
Fonderia Boccacci Spafonderia 244533;61
Kasseler Verkehrs Gesellschaft;61
Poli Costruzione Materiali Trazione Srl;60
Aq Electric Ad Att: Andrey Slavchev;60
Möllerwerke;60
Schweizerische Bundesbahn Materiallogistik Serviceanlage;59
Eumes Metall Vertriebs Und Service;59
Tromont Doo;59
Brecknell Willis & Co Limited;59
Db Systemtechnik;59
Hamburger Hochbahn;59
Rmc;59
Transtec F&E Vetschau Fabrication & Engineering;59
Eberbach & Co Druckgusswerk Kg;58
Metalocaucho;58
Buster Gfc Z O O;58
Clemens Fritze Industrieverpackungen;57
Heag Mobilo;57
Rnv;57
W Gessmann;57
Gve Viehbeck;56
Magasin Central;56
B&T Exact;55
Eplax;55
Deuta Werke;55
Triwin Praha;55
Talbot Services;55
Sweg;55
Herrmann;55
Aq Magnit;55
DKS;54
Lkab Malmtrafik;54
Steffen Haupt Hydraulik Pneumatik;54
Groupe Legendre;53
Gpv;53
Trescum Technology;53
Tbj Industrieteile;53
Bº Trápaga S N;53
Atbs;52
Hauptstraße 97;52
Tiefenbach;52
Cla Tech;52
Supply And Distribution Hub;51
Möve Fahrzeugsitze;51
Kapellenweg 91;51
Sieku Oberflächentechnik;50
Swk Mobil;50
Ghh Gutehoffnungshütte;50
Lütze Transportation;49
Ast Leistungselektronik;49
Rhein Neckar Verkehr;49
Gromoll Kunststoffcenter;49
Alfred Heyd U Co Kg;48
P+S Polyurethan Elastomere & Co Kg;48
Leinweber Mechanteile Und Sondermaschinenbau;47
Bvv;47
Ismet Transformatory Sro;46
Heinrichs & Co Kgmetallwarenfabrik;46
Cz Loko;46
Kockum Sonics;46
Logistics Depot 630;46
Igw Watteeuw Cr Sro;45
Met Eurosystem Z Oo;45
Schmitt Logistik Abteilung Mahle Its;44
Barat Saint Aignan;44
At Sweden Norborg Depo;44
Kroh Kunststofftechnik;44
Finsterwalder Transport Und Logistik;44
Unterdorf 45;43
Heine Resistors;43
Holding Graz;43
Horizon;43
Comax Industrielle Signaltechnik;43
F V Veselého;43
Rapid Technic;43
Rwe Power;42
Ghh Gutehoffnungshütte Radsatz;42
Saint Gobain;42
B + Z Elektronik;42
Hkt Gerd Finkensiep & Co Kg  Purcast;42
Beaumont Leys;42
Stadler;42
Wilhelm Wißmann;42
Mpk Krakow;42
Forging Steel Products Slbox 4;42
Varialux;41
Fa Osterkamp;41
Ati Zkm Forging Z Oo;41
Hennigsdorfer Stahl Engineering;41
Revok S R O;40
Richard Customerservice;40
Radio Frequency Systems;40
Company Maurice Ward;40
Schaeffler;40
SAFT;40
Verkehrsgesellschaft Frankfurt;39
Prüfcenter Wegberg Wildenrath;39
Iftec & Cokg;39
570 Rue Du Pavé;39
A Latusek;39
Skoda Electric As;39
Metalock Engineering Germany;38
Taikos Pr 151;38
Hbb Biegetechnik;38
Ts Telco Sensors Austria;38
T Nordenbergs Mekaniska Verkstad;38
U Kurz  Elektroanlagen;38
SKF;37
Dr Jürgen Ulderup Str 7;37
Bs Verkstäder;37
Safram  Dépôt Kammacher;37
Friedrich Lütze;37
Ernst Hombach & Co Kg;37
Ohm & Häner Metallwerk & Co Kg;37
Adam Serviceeinrichtung;37
Witzenmann;36
A Bis Z Oberflächenveredelung & Co Kg;36
Reinor Sl;36
Im Instytut Mechaniki Z O O;36
Mainzer Verkehrsgesellschaft Mbh;36
Sbs;36
Rafi & Cokg;36
Zeppelin Power Systems & Co Kg;36
Wagenrevision Favoriten;36
Lausitz Energie Bergbau;35
Gez Rail Solutions;35
Transtec F&E Vetschau;35
Mobitech Mobile Cooling Systems;35
Gutehoffnungshuette Radsatz;35
Era Contact;35
Hse Hennigsdorfer Steel Engineering;34
13 Rue Roger Salengro;34
Green Cargo;34
Acla Werke;34
Edelstahlverarbeitung Schmitt;34
Itl Eisenbahngesellschaft Mbh;34
Schneider Holzbearbeitung;34
U Expertu;34
Qantos;33
3A Composites Mobility;33
Gebruder Frindt;33
Kiel;33
Stib Mivb Bâtiment Tram Mivb  5F;33
PCH;33
C H Müller;33
Stratiforme;33
Lehmann Metalltechnik;33
Heinrich Schümann Elektromaschinenbau;33
Studer Cables;32
Teltowkanalstr 1;32
Stratiforme Polska Z Oo;32
Cvs Engineering;32
Harting;32
Deutsche Bank;32
Chemnitzer Verkehrs;32
Pws Lager Kreuztal Eichen;32
Crosscontrol;32
Járműszerelvényt Gyártó Zrt;31
Maurice Ward & Co Sro;31
Stemman Technik;31
Powerbox International C O Orio;31
Elin Metal Kft;31
SBB;31
Stratiforme Industries;31
Ampac Gesellschaft Für Elektrotechnische Produkte Mbh;31
Ith & Co Kg;31
Safram;31
Zur Großen Halle 2;30
Consilium Marine & Safety;30
Bachleitner Und Heugel Elektronik;30
Schmalz & Schön;30
Elektromotoren Müller Uelzen;30
Schaffner Emv Hungary Kft;30
Innsbrucker Verkehrsbetriebe;30
Hlb Basis;30
Ernst Hombach & Cokg;30
Corsscontrol;30
Stadtwerke Augsburg Verkehrs;30
Pl 88 100 Inowrocław Mątewska 63;30
Stib Mivb Haren;30
Radionika Z O O;29
Hanjes;29
Gsp Sprachtechnologie Teltowkanalstraße;29
Tc Domine;29
Arotech;29
Gimota;29
Carretera San Vicente 10;29
Rmc Railways Mechanical Components;29
Jamrü Zrt;29
Strabag Infrastructure;29
Kinex Bearings As;29
Stratiforme Polska Zoo;28
Grau Elektronik;28
Rnv Rhein Neckar Verkehr;28
Fortaco Zrt;28
Edelstahl Laser Technik;28
Stuttgarter Straßenbahnen;28
Railmaint;28
Vis Vetschauer Industrieservice;28
Logistic Zollservice Heidenheim;28
Schneider Holzprodukte;28
Keller & Kalmbach;28
Kübler & Setzer  Lager Pws;28
Alpha Elektrotechnik;27
Vagonka Interiors Sro;27
Sec Sro;27
Odenwald Chemie;27
Wikov Mgi As;27
Purcast;27
Idea;27
Nolden Cars & Concepts;27
Heinrichs & Co Kg;27
Swemix Skruv Av;27
Gez Rail Solution;26
Fvk Dessau;26
Drixelius Söhne & Co Kg Industriegebiet Ennest;26
Gino;26
Clariant;26
Mitsui Rail Capital Europe;26
K�Hne + Nagel (Ag & Co) Kghr Tilo Zenkertel (+49) 371 474 4102;26
Eckold Biegetechnik & Co Kg;26
Szakalfem Kft;26
Evac;25
Triwin Mělník;25
Schreiner Coburg;25
Als Belfort;25
Jarmu Zrt;25
Kuvag & Co Kg;25
Sklostroj Turnov Cz Sro;25
An To Me;25
Lenord Bauer & Co;25
Ing K Wöhrer Metallbautechnik Gesmbh;25
Gsi Gässler Service Industriemontage;25
Chv;25
Cadcabel;25
Remise Wiener Lokalbahnen;25
Elotec Tdz & Co Kg;25
Krapf & Lex Nachf Verkehrstechnik & Co Kg;25
Zahnradwerk Pritzwalk;25
Unionstahl;24
Alfred Heyd & Co Kg;24
Jumo Mät Och Reglerteknik;24
Skjulstagatan 9;24
Grammer;24
Ubb Usedomer Bäderbahn;24
Ks Umbau Modernisierung;24
Mission Embedded;24
Intrexis;24
Pars Komponenty Sro;23
Westaflexwerk;23
Logistics;23
Lövånger Elektronik;23
Crabelli Srl;23
Kölner;23
Hallesche Verkehrs;23
Horizon Composites;23
Assa Abloy Sicherheitstechnik;23
Ficosa International;23
Helsinki City Transport (Hkl);23
Hella Aglaia Mobile Vision;23
Millfield;23
Stadtwerke Verkehrs Gesells Frankfurt Am Main Mbh;23
Micro Sensor;23
Ima Materialforschung Und Anwendungstechnik;22
Vag Verkehrs;22
Forster System Montage Technik;22
Betz Kunstsofftechnik Ek;22
Element Metech;22
Ricolfi Spa;22
Im Gruental;22
Huber+Suhner;22
Stpi;22
Itt Koni;22
Hartmann Electronic;22
CFL;22
Kriegsbergstr 17;22
Federal Mogul Bremsbelag;22
Freudenberg Schwab Vibration Contro;22
Lms;22
Safram Depot Kammacher;22
Tdg Transit Design Group Europe;22
Aq Components Kodara Oü;22
Szaka´Lefe´M Kft;21
Alatusek;21
Stadtbahn Saar;21
Escha Tsl;21
Mors Smitt Uk;21
Rst Rail System Testing;21
Kst Kamera & System Technik;21
Hauptstr 97;21
Schweizer Electronic;21
NMBS;21
Saarbahn Netz;20
Gebrüder Frindt;20
Vincorion Jenoptik Power Systems;20
Am Bockwald 4;20
Lem Europe;20
Repa Maschinenbau;20
Teknoware Oy Trafo  Group;20
Metrans Dyko;20
Ralf Schwarzer Verkehrstechnik Werk 1;20
Gl Spezialverglasung;20
Geb18 Aufg B R:302;20
Magdeburger Verkehrsbetriebe;20
Neb Betriebsgesellschaft Mbh;20
Šinvoz Doo;19
Radel(Pty)Ltd;19
Havelländische Eisenbahn;19
Leoni Elocab;19
Huckele Metallverarbeitung;19
Gve Viehbeck Engineering;19
Tunbytorpsgatan 20;19
B Hepworth & Co;19
Paul Rüster & Co;19
Kitron Uab;19
Erfurter Bahn;19
Pictum Oberflächentechnik;19
Ralf Schwarzer Verkehrstechnik;19
Gospodarska Zona Čaporice;19
Best Seating Systems;19
Ernst Thälmann Strasse;18
Feuerland & Co Kg;18
Hellermanntyton;18
Bbr Verkehrstechnik;18
Maximatecc (Crosscontrol Ab);18
Happich (Touratech Logistic Center);18
Herma Train Components;18
Sika Deutschland;18
DHL;18
Lutec  Pks;18
Seistenbacher;18
Hik;18
Creusalp;18
Micro Hybrid Electronic;18
Syko;18
Smw;18
Enics Eesti As;17
Isoflex  Maria Info@Isoflexse;17
Fbt;17
Ktp Polska Zoo;17
Südkabel;17
Gaugler Lutz & Co Kg;17
Tabb Interior Systems;17
Ife Automatic Door Systems;17
Haugg Industriekühler;17
Central Station Zi Pres Clos;17
Vincorion Power Systems;17
Sitron Sensor;17
Reo Train Power Magnetics Gmbhgewerbehof Nord Tor 10;17
Maschinenfabrik Wagner & Co Kg;17
Abt Mahle In Den Datzenäckern;17
Ltg Poland Z Oo;17
W Gessmann Industrieschaltgeräte;17
Polarteknik Oy;17
Zielona 2;17
Adam Opel Str 4;17
Außenlager Großröhrsdorf;17
Atp Srl;16
Ultimate Transportation Equipment Srl;16
Ficosa;16
Favram;16
Rausch Metalltechnik;16
Cumatix;16
Niedersachsenstr 2;16
Trelleborg Industrial Products Uktrellebor234685;16
Emil Erdmann;16
Becorit;16
Mcr;16
Stahlwille;16
Hexagon Metrology;16
Intersys Srl;16
Schneider D&G;16
Btren Mantenimiento;16
Schulstraße 26;16
Sweg Südwestdeutsche Landesverkehrs;16
Creafol Folientechnik;16
Railadventure Zughotel;16
Schweizerische Bundesbahn Sbb;16
Maison Planzer Transports;16
H Shop Stores;16
Fvk Faserverstärkte Kunststoffe;16
Happich;16
Tibram;16
BWB;16
Traktionssysteme Austria;15
Hasler Rail;15
Kretskortsvägen 36;15
Igw Ig Watteeuw Sro;15
Systemair;15
Sinvoz Doo;15
Eurobahn & Co Kg;15
11 Rue P Et F Allaire;15
Volante Verkleidungssysteme;15
Promeco Oy;15
Hochbahn Bw;15
Karl Kaldenberg;15
Osthannoversche Eisenbahnen;15
Gesas Elektronische Syst;15
Jenoptik Power Systems;15
Pittoresk Beschichtungstechnik;14
Itercoop Servizi E Logistica;14
Na Záhonech 1177;14
Mjm Metallverarbeitung Mangner;14
Adam Opel Str;14
Im Hengstfeld 49;14
Vem Sachsenwerk;14
Pilkington Automotive Finland Oy;14
Plauener Straßenbahn;14
NTN;14
Strückerberger Str 50 A Bbemax;14
Carsig;14
Bochumer Verein Vekehrstechnik;14
Clerprem Deutschland;14
Vbz Verkehrsbetriebe Zürich;14
U Kurz Elektroanlagen;14
Ziehl Abegg Sverige;14
Fa Karl Klink;14
Ea Electronic;14
Niedax Ebo Schweiz 3930 Visp Wehreyering 21 Ch;14
Bootz Elektronik Service;14
Ultimate Europe;14
Nelz & Dutschmann Gbr;14
Elma Electronic;14
Dessauer Schaltschrank Und Gehäusetechnik;14
Spicer Gelenkwellenbau;14
Becker Industriezi Du Champ De Mars;14
Dinghan Smart Railway Technology;14
Revok;14
3 Industriestrasse;14
Maschinenbau Leicht;13
Ole Nonbye Deutschland;13
Visaton & Co Kg;13
Gmt Gummi Metalltechnik;13
D Secour Bremer Sicherheitsversand;13
Amco;13
Keolis Deutschland & Co Kg;13
Robert Wagner;13
Trapeze Elgeba;13
Zwingenburgstr 6 8 6 8;13
Ltg Service Center;13
Elettromil Srl;13
Mersen;13
Alpha Trains Belgium;13
Firma Seyer;13
Precimation;13
Hahn & Kolb Abteilung Reparaturen;13
Transit Design Group France;13
Multiplast Kunststoffverarbeitung;13
Init;13
Victall Holding;13
Db Cargo Tfz;13
Rheinbahn Düsseldorf;13
CD Cargo;13
Dachser Se Steisslingen;12
Amd Arcelor Mittal;12
Metallwaren Kempe;12
Changzhou Huade Machine Co;12
Metallbau Arandt Gbr;12
He Mainline & Metros;12
Kabel  Technik  Polska Z Oo;12
Wagner Rail;12
Onderhousbedrijf Wintergraefsmeer;12
Te Pro Doo;12
Kansai Helios;12
Erich Wurzel;12
Demke Electronic;12
Isolex Srl;12
Hamacher Beschläge;12
Jv Trade Wg Sro Cz;12
Bt Bogies;12
Mv Blechbearbeitung;12
Bvb Baseler Verkehrsbetriebe;12
Ultimate Europe Transportation Equ;12
Technisches Büro Joachim Krebs;12
Ellagro Västerås;12
Ts Henschel;12
Haupt Hydraulik Pneumatik;12
Stadtwerke Augsburg Verkehrsbetriebe;12
Ltg Ulm;12
Gve Viehbeck Engineering +;12
Kth;12
Hauptstrasse 115;12
Regionalbahn;12
AZ Metall;12
Industriestrasse 3;12
Regiojet As;12
Tmf Operation;12
Digicon;12
Im Instytut Mechaniki Spzoo;12
Ronelt Sro;12
AKG;12
Grenzstr 1;12
Ltg Service Center Ulm;12
Composites Ate;11
Rudolf Rost Sperrholz;11
Werkstraße;11
Aq Mekatronik;11
Ma Tac & Logistic Production;11
Mahl Industrial Thermal Systems & Cokg;11
Logser;11
Zeiss Str 5;11
Astromal Spólka Zoo Spk;11
Wilhelm Wissmann;11
11 Döttingerstrasse;11
Dowaldwerke;11
Verkehrsbetriebe Brandenburg;11
Radionika Z;11
Promec Srl;11
Soflog Telis;11
Stäubli Española Sau;11
Dilax Intelcom;11
H+W Werner Höhmann;11
Cmc Engineering;11
Howden Solyvent Ventec;11
Raben Logistics;11
Industriehydraulik Vogel+Partner;11
Trafikverket Materialservice;11
Avi Srl;11
Silbitz Group Staßfurt Aws;11
Ltg Service Center (Lsc) Bmg Mis;11
Coli Schiffahrt & Transport Bremen;11
Spirotec Sarl;11
NTT;11
Am Rathenaupark;11
Benzstrasse;10
Quickstep Anticorro Sro;10
Weetech;10
Nelz And Dutschmann Gbr;10
Sweg Bahn Stuttgart  Betriebswerk Pforzheim;10
Rolf Kuhn;10
Gersys;10
Amari Austria;10
Peter Rämsch Transporte;10
Isc Industrie Service Czech;10
N° 2 Rue Magnier Bédu;10
Be Ge Seating;10
Ibw Ing Büro Wohland;10
Db Systemtechnik Mechanisierte Prüfsysteme;10
Transtech Innovations Inc;10
El Supply;10
Ultimate Transportation Eq Srl;10
Douce Hydro;10
Cellofoam;10
Metrans As Dyko;10
Seyer Antriebs Und Verbindungstechnik;10
Ebg Elektronische Bauelemente;10
Eao;10
Si Bog Final Assembly;10
Kodjalantie 20;10
Drixelius Söhne & Co Kg;10
Ws Werkstoff Service;10
Lövångers Elektronik;10
Gmt Gummi Metall Technik;10
Ksb Se & Co Kgaa;10
Zughotel By Railadventure;10
Rudolf Diesel Straße 6;10
Rsg Regel Und Steuergeräte;10
Ressorts Masselin;10
Herkules Presswerk Heerdt & Co;10
Th Ferencváros Máv Start Zrt Jbi;10
Db Werk Cottbus;10
Lippert Componets Industry;10
Setrans Srl;10
Kopack;10
Mobitech;10
Haiger;10
Monte Meao Componentes Auto;10
Actia Systems;10
Glm Lasermesstechnik;10
Moncini Industrie Srl;10
Mobiel;10
Magazzino Ricolfi;9
Stl Logistik;9
Dorlec Limited;9
Betriebshof Lichtenberg;9
Haupt Hydraulik & Pneumatik;9
Microelletrica Scientifica Spa Via Lcania 2 4 6 20090 Buccinasco;9
Mitteldeutsche Eisenbahn;9
Friedrich Lütze & Cokg;9
Zdeněk Kedroň;9
Move & Traffic Controls;9
Konica Minolta Sensing Europe B V;9
Powertech Converter;9
Managementservice Linz;9
Alutech;9
Infranord;9
Ofi Technologie & Innovation;9
Cz Lokoas;9
Dessauer Verkehrs;9
Zwingenburgstr 6 8;9
Oran Marketing & Development Acc Ltdkibbutz Tzuba;9
Gerep Maschinenbau;9
Delta Nordic;9
Logistics Depot 250;9
Partzsch Elektromotoren;9
T S Ide Misch Und Dosiertechnik;9
Itl Eisenbahngesellschaft Mbh  Bahnbetriebswerk Pirna;9
Tritem Spzoo;9
Sag Slovakia Sro;9
Vb Zürich;9
Schkeuditzer Metallveredelung;9
Gebr Frindt;9
Isc Industrie Service  Czech;9
Vídeňská 231 130;9
Netmodule;9
Gipuzkoa;9
Ziehl Abegg Se;9
Woertz;9
Psg;9
Bsb Metallverformung + Co Stanzwerk;9
Triumph Controls France;9
Elbe Gelenkwellenservice;9
Schniewindt & Co Kg;9
Transelektronik Messgeräte;9
Purkart Systemkomponenten;8
Tabb;8
Senseair;8
Dieselweg 2;8
4Pl Warehouse Central Station;8
Die Länderbahn Dlb;8
Buster Gfc Oo;8
Amb Stráž Pod Rálskem;8
Box 51;8
Gartenstraße 34;8
Metallkonzept Glaser;8
Mgf Metallguss Finsterwalde;8
Grischa Plast;8
Cc Systems;8
London Underground Limited;8
Rs Components;8
Am Goldberg;8
Hmh;8
Maschinenfabrik Liezen Und Gießerei Gesmbh;8
Geis Industrie Service;8
Smart Railway Technology;8
Delu Luftkissen Transportgerätetechnik;8
Db Cargol;8
Schrey & Veit;8
Hoppecke Batterie Systeme;8
Dinol;8
Dioss Nýřany As;8
Aa Logistik Hackstavägen 11 72132 Västerås;8
Essener Verkehrsbetriebe;8
Sweg Südwestdeutesch Landesverkehrs;8
Vlexx;8
Powerbox;8
Inceptform;8
Schleich;8
Rm Prüftechnik;8
Mazurska 18 05 500 Piaseczno;8
Stargo Metal Design Sro;8
Industrial De Transformados;8
Niklaus Lni;8
Simens Mobility Retourenstelle;8
Tas Berlin;8
Hartmann Elektronik;8
Atron Electronic;8
Sj Devision Fordon;8
Pape & Olbertz Schaltgeräte & Widerstände;8
Arany János Utca;8
Trelleborg Antivibration Solutions Germany;8
Pet Logistics Internationale Spedition;8
Teltowkanalstraße;8
Tries & Co Kg;8
Neuweiler;8
Zkušební Centrum Vuz Velim;8
Mobile Climate;8
Schwarz Feinblechtechnik;8
Hoffmann Supply Chain;7
Friedrich Köster & Co Kg;7
Trelleborg Industrial Avs;7
Ronny Van Den Aker;7
Technicentre De Vénissieux;7
Rostocker Straßenbahn;7
Trapeze Switzerland;7
Rst;7
Ateliers Hgerkenzoning Industriel De Petit Rechain;7
Technical Customer Service;7
Aq Electric Ad Radomir;7
Aq Magnit Ad;7
Lilla Garnisonsgatan 33;7
Carl Zeiss Qec;7
Merak Bussiness Unit Hvac Systems;7
1 Hoods Close Beaumont Leys;7
Wanner Messtechnik;7
Ritz Instrument Transformers;7
2 Rue Turgot;7
Ows;7
Karl + Klink;7
Logistic Centrum Sihotpark;7
Delta Trans;7
Kasseler Verkehrs Gesellschaft Lager 15;7
Metalmex S R O;7
Merz Industrietechnik;7
Leg Industrielackiererei;7
Guk Technische Gummi Und Kunststoffe;7
DSV;7
H&P Trading;7
Mainzer Verkehrsgesellschaft;7
Company Technicentre Sncf;7
M Pt Matjeschk Powertools & Co Kg;7
Lci Italy Srl;7
Lci Italy;7
Ksb Service;7
Richard;7
Ktg;7
Reo Train Power Magnetics;7
Critical Software;7
Dinol Anwendungstechnik;7
Burisch Elektronik Bauteile Project Manager Railway Tech;7
G6 Investment Kft;7
En Electronicnetwork Hamburg;7
Adaptronic Prüftechnik;7
Barbarino & Kilp;7
Baron;7
Ostmecklenburgische Bahnwerk;7
Häfen Und Güterverkehr;7
Icomera Germany;7
Heag Darmstadt;7
Zeleznicne Opravovne A Strojarne Zv;7
Fahrzeuginstandhaltung;7
Aluminium Laufen;7
Bertoni Angelo Remigio;7
Rahmann;7
Tehnicki Servisi Zeljeznickih Vozil;7
Im Hengstfeld;7
Sweg Südwest Verk;7
Bizlink Elocab;7
Vilati Gyarto Zrt;7
Etl Prüftechnik;7
Etl Lokservice;7
Rnv Lager Käfertal;7
Esz Calibration & Metrology;7
Ing K Wöhrer Metallbautechnik;7
Agilis;7
Next Sense;7
Lessingstrasse 8;7
Via Volvera;7
Thales Deutschland;6
Technisches Büro Für Maschinenbau;6
Reinhardt Technik;6
Gravierwerkstatt Harry Hauschild;6
Herbert Gehrisch Elektrotechnik;6
Ritz Instrument;6
Hahn+Kolb Werkzeuge;6
Roto Doo;6
Glx Global Logistic Services;6
Glimberger Kunststofftechnik;6
Rawag;6
Tischlerei Loschke;6
Tobelraastrasse 4;6
Zieona 2;6
Ewellix;6
Primes;6
Weilburger Coatings;6
Kabel  Technik  Polska Z O O  Motherson Group;6
Segepo Refa Zoo;6
Ekide  Argatek;6
Mitsubishi Electric Europe German Branch;6
Caoseway Aero Group Building 2;6
Sealable Solutions;6
Juko Technik;6
Mssl (Gb) A4 Stores;6
Schollglas Technik Nossen;6
Ero Edelstahl Rohrtechnik;6
Edificio Cetest;6
Prettl Electrical Systemspotvorice Sro;6
Interflex Datensysteme;6
Niedersachsenstr2;6
Bl Westaflexwerk Projekt;6
Tx Logistik;6
Industrikomponenter;6
Bjoern Spreitz;6
Swedex Industrieprodukte;6
Weserland Sitzsysteme;6
Metrolink House;6
Si Bog Final Assembly Comp;6
Nowe (Heilswannenweg 66 Elze 31008);6
Ldh Kalibrierservice;6
De Systemtechnik;6
Db Db Cargo Lcba 42;6
Vias Rail Region Rhein Wupper;6
Deister Informationstechnik;6
Lenord + Bauer & Co;6
Lms Leineweber Mechanteile Und Sondermaschinenbau;6
Lokaltog A S;6
Solömechanical Solutions;6
Soma Sondermaschinenbau;6
Landgrafenst 45;6
Dvb Betriebshof Gorbitz;6
Kübler & Setzer Lager Pws;6
Luminator;6
Spojmont Ostrava Sro;6
Contitech Luftfedersysteme;6
Donaldwerke;6
Dot System Srl;6
Kroma Füllstandsmesstechnik;6
St Trasporti;6
Kompozyty;6
Fa Ith & Co Kg;6
Gsi Gässler Service Industrieanlagen;6
Westdeutsche Farben;6
Federnwerke Jp Grüber & Co Kg;6
Salzburg;6
Wienersdorferstrasse 20 24 Obj;6
Trinity Freight Management;6
Fluke Deutschland;6
Philipp Pforr Str 11;6
Windhoff Bahn Und Anlagentechnik;6
Hottinger Brüel & Kjaer;6
Trenitalia Spa Imc Vincenza;6
Forging Steel Products;6
S&S;6
Pittoresk Gesmbh;6
As Chv;6
Power Tech Converter;6
Frischkorn Oberflächen + Systeme;6
Trelleborg Antivibration;6
Funkservice Kunze;6
Team Industries Romania Srl;6
Osthannoversche Eisenbahn;6
Flexelec Groupe Omerin;6
Ifs Design;6
Ns Onderhounsbedrijf Onnen;6
Omc Etr Trenitalia;6
Wgessmann;6
Scansonic Mi;6
Ts Henschel Fertigungstechnik;6
Iee Srl Industrie Elettromeccaniche Europee;6
Westermo Networks;6
Oel Check;6
Pws Alchen;5
Sirail Sro;5
Imbach & Cie;5
Ks Inbetriebnahme;5
Robert Wagner & Co Kg;5
Spohn & Burkhardt;5
Kuntze & Co;5
Spii Spa;5
Spii;5
Schmidbauer Trafo&Gerätebau;5
Puls Vario;5
Ret Depot Waalhaven;5
Rehland;5
Ruhrbahn Zu Hd Hr Garbe;5
Rogo Elektronik;5
Schlavenhorst 100;5
Powertech;5
Schenck Ro Tec;5
Te Connectivity;5
Nvbw  Nahverkehrsgesellschaft;5
Presswerk Böhl;5
Novello Srl;5
Lessingstraße 8;5
Lkab Cf Kiruna;5
Tfz Werkstatt;5
Hella & Co Kgaa;5
Stadtwerke München;5
Rostex Vyskov Sro;5
Palfinger Tail Lifts;5
Nehlsen_Bwb Flugzeug Galvanik Dresden;5
Sanmar Matrix Metals;5
Máv Vagon;5
It Service Leipzig;5
Hans Stork Betriebsgesellschaft Mbh;5
Itl Eisenbahngesellschaft;5
Schwarzbeck Mess Elektronik Ohg;5
Itl Eisenbahngesellschaft Mbh  Bahnbetriebswerk;5
Rc Technik;5
Moritzer Strasse 35;5
Mobile Climate Control Spzoo;5
Ravensburger Str 128 134 Rafi;5
Parker Hannifin;5
Kraft – Service;5
Stern & Haferl;5
Partnertrans Schlesien  Außenlager Girbigsdo;5
Partzsch Elektromotoren Halle 16;5
Rollon;5
Hub Ber Oberkrämer;5
Metall Konzept & Co Kg;5
Stauff Uk;5
Kg Knutsson;5
Ing K Wohrer Metallbautechnik;5
Riganti Spa;5
H&P Railservice;5
Savas;5
Intilion;5
Rheincargo & Co Kg;5
Verint System;5
Detlev Rathmann;5
Cixi Huili Machinery & Electric Coltd;5
Bhf 141;5
Gf Castin Solutions Leipzig;5
Dvg Technisches Büro Werkstatt Schienenfahrzeuge;5
Causeway Aero House Of Vic Ryn;5
Turna Proizvodnja In Trgovina Doo;5
Trafomec Europe;5
Gewerbering 2;5
Verkehrsbetriebe;5
Unipart Rail Central Stores;5
Dortmunder Stadtwerke Dsw21;5
Cegelec As;5
Verkehrsbetriebe Zürich;5
Eyyes;5
Fastenal At;5
Yago Sagnier;5
Faigle;5
Farotec;5
Deutz;5
Brezina 102;5
Colorsolution;5
Weitkowitz Kabelschuhe Und Werkzeuge Service Center;5
Wild Hi Precision;5
Zwp Zahnradwerk Pritzwalk;5
Commerzbank;5
Transchem Zoo;5
Tüv Süd Rail;5
B E Aerospace Systems;5
5M;5
5M Sro;5
Ultimate Te;5
Dako Cz As;5
Tüv Austria Tvfa;5
Elke Technik;5
Btren Mantenimiento Ferrov;5
Barth + Co Kontralogistik;5
Db Fahrzinsthaltung;5
Tranzcom;5
Feuerland Werkstätten & Co Kg;5
Wincanton Peel Ports;5
Erfurter Verkehrsbetriebe;5
Taller Renfe Santa Catalina Ii;4
Holz + Kunststofftechnik Gerd Finkensiep & Co Kg;4
Christian Hachenburger;4
Sic Marking;4
Sicurglass Sud Srl;4
Citibank Tts Emea Client Onboarding Tts Operations & Technology;4
Metallbearbeitung Andreas Grothe;4
Silbitz Group Stassfurt Aws;4
Mankiewicz Gebr & Co;4
Šinvoz Doo|;4
Sgim Polska Z Oo;4
Mors Smitt France;4
Mátrafűtőber Épületgépészeti Kft;4
Btg Internationale Spedition;4
Gaur Express;4
Galvaniho 7 D;4
Wefa;4
Mtr Tech;4
Fvk;4
Buhlaer Weg 6;4
Burg Thermoforming;4
Schweizerische Bundesbahnen Sbb;4
Burkhard + Weber;4
Moncini Industries Srl;4
Centre De Maintenance;4
Mob Ateliers;4
High Tech Coatings;4
Cantus Verkehrsgesellschaft;4
Captrain Polska Depot;4
Carl Beutlhauser Hebe Und Fördertechnik;4
Walter Mäder;4
Sekurit Hanglas Polska Roo;4
Cb Frost & Co;4
Site De Montchanin Zone Henri Paul – 71210 Montchanin;4
Central Station;4
Fredriksons Verkstad;4
Taller Lovomotoras Mecancias Can Tunis;4
Dehn+Söhne;4
Fln Feuerlöschgeräte Neuruppin;4
Ltg Rastatt;4
Dyna Shock System;4
Stama Stahl Und Maschinenbau Bad Saarow;4
Industrivägen 5;4
Keolis Amey Metrolink;4
Staude Metall Und Anlagenbau;4
Infranord Components;4
Karl Schmidt Spedition & Cokg;4
Karl Klink & Co Kg;4
Urban Polstermanufaktur;4
Egolf Verpackungs;4
Ekide;4
Sutter Hydraulik & Pneumatik;4
Sternberg;4
Stib  Mivb Bâtiment Tram Mivb  5F;4
Init Innovative Informatikanwendung;4
Esm Mikroelektronik;4
Ultramare;4
Elgema Kunststsoff & Metallbearbeitung;4
Elos Speditions;4
Ultimate;4
Erste Group Bank;4
Enics Schweden;4
Inwatec Wintec;4
Knorr Servicecenter Berlin;4
Dunakeszi;4
Dräger Safety & Co Kgaa;4
Fbo Service Sav;4
Firma Promeco;4
Dau & Co Kg;4
Db Schenker;4
Linbad Germany;4
Deeg;4
Softronic;4
Solö Mechanical Solutions;4
Delta Hl Sro;4
Sztk Taps Maciej Kowalski;4
Leclanche E Mobility;4
Lausitz Elaste  Gewerbegebiet Flugplatz;4
Kraus Elektrotechnik;4
Lausitz Elaste;4
Systemair Niederlassung Berlin;4
Trumpf Werkzeugmaschinen Deutschland;4
Lachiertechnik Schulzki;4
Dh Oberflächentechnik;4
Dh Oberflächentechnik Derustit;4
Kth Kunstsofftechnik Hennigsdorf;4
Verkehrstechnik Süd;4
Dortmunder Eisenbahn;4
Euromaint Rail;4
Gca Supply;4
Isoflex;4
Ns Onderhoudsbedrijf Onnen;4
Noma Td;4
Bastborregatan 14;4
Railadventure;4
A+B Ladenbau;4
Tevatron Löttechnik;4
Riedel Baumaschinen;4
Rail & Logistik Center Wustermark;4
Schaltgerätewerk Werdergmbh & Co Kommanditgesellschaft;4
Andreas Malcharek;4
Haug Vertriebs & Co Kg;4
Rohde;4
Haai;4
Ravensburger Str;4
Trafocoop Della Valnestore Soc Coop;4
Ziehl Abegg;4
Berghoff & Co Kg;4
Gvb Verkehrs & Betriebsgesellschaft;4
Zf Friedrichshafen  Zf Services Dresden;4
Westermo Teleindustr;4
Angst+Pfister Sensors And Power;4
Sc Avi Srl;4
Bcab Konsult;4
Thomas Schlein;4
Robur Prototyping & Materials;4
Bimatec;4
Schenck Rotec Auswuchtzentrum Mitte Halle 66;4
Alu Point & Co Kg;4
Blg Industrielogistik & Co Kg;4
Rose Systemtechnik;4
National Express Rail;4
Rheinbahn Betriebshof Heerdt;4
34 Dieselstraße;4
Hella Kgaa Hueck & Co;4
Ret Depot'S Gravensweg;4
4Pl Halle 6 7 Tor 25;4
Boyd Bologna Srl;4
Bisiach & Carru;4
Blg Logistics Solutions;4
Paulstra Hutchinson;4
Technische Universität Dresden;4
Arriva Vlaky Sro;4
Gummi Metall Technik;4
Thoni Alutec Z O Ota1;4
Wst Walter Schröfl Transport;4
Röchling Industrial Se & Co Kg;4
Groeneveld Beka Repair Department;4
Krimmel & Co Kg;3
Kugel Edelstahl;3
Rostex Vyskow Sro;3
Yakup Gürleyen;3
Kruntorád Metal Design;3
Dmb Srl;3
Kst;3
Yusen Logistics (Deutschland);3
Qingdao Sanheshan Precision Casting Coltd;3
Analog & Digital Messtechnik;3
Spring Apparatefabrik;3
Douce Hydro Romania;3
Bremer Straßenbahn;3
Kugel Srahltechnik;3
Landesbank Hessen Thüringen Girozentrale;3
Pmc Polarteknik Oy;3
Derovis;3
Desoutter;3
Wmsolutions;3
Arriva Claky Sro;3
Laser Centrum Cz Sro;3
Wärtsilä Jovyatlas Euroatlas;3
Premium Warehouse Solutions;3
Apw Allgemeiner Prüfservice Für Werkstoffe;3
Rta Rail Tec Arsenal Fahrzeugversuchsanlage;3
Via Carso 49;3
Proconect Zac De La Pentecote;3
Spedition Timmerhaus;3
Production Facility In Cracow;3
Kriegackerstrasse 91;3
Rst Rail Systems Testing;3
Kyrkren 2;3
Diehl Aviation Gilching;3
Kwd Kupplungswerk Dresden;3
Kvg Kasseler Verkehrs Gesellschaft;3
Kriegsberstrasse 17;3
Alfred Heyd;3
Kreuzer Str 1;3
Strabag Infrastructure & Safety;3
Regiojet As (Areál Psn);3
Riel;3
Johs Pedersen A S;3
Elektronische Spezialfabrik & Cokg;3
Stockholms Läns Landsting;3
Eleor Srl;3
A Z Metall;3
Jan Kruntorád Kovovýroba;3
Ivg;3
Zf Services Berlin;3
A Latusek Adam Opel Str;3
Itt Holdings Czech Republic;3
53 Boulevard Stanislas Girardin;3
Ems Elektro Metall Schwanenmühle;3
Energie Und Bahnstromnetz Umformerwerk Bergern Öbb Infrastruktur;3
Enics;3
Israel Railways;3
Isolex Srl C O Msm;3
Aero Materiel;3
Ramatech Systems;3
Zeitschrieb Ug;3
Rail Components And Systems;3
Kraus&Naimer;3
Stadtwerke Augsburg;3
Dresdener Verkehsbetriebe;3
Ali Agac;3
Kontraktsvagen 1;3
Dräger Schweiz;3
Rail Adventure;3
Rail Bohamet Z O O;3
Klüber Lucrication München Kg;3
Zes Zimmer Electronic Systems;3
Klein Umformtechnik;3
Vianova Technologies;3
Van Leeuwen Deutschland & Co Kg;3
Easy Laser;3
Starr Gate Tram Depot;3
Raildox & Co Kg;3
Ebe Elektro Bau Elemente;3
Vag Nürnberg;3
Leclanché;3
Lessingstr 4 1;3
At Braunschweig;3
Mas Rohrformteile;3
Wald Antriebe;3
Carretera San Vicente 10 48510 Valle De Trapaga (Bizkaia);3
Berghoff Wenden;3
Cb Frost @ Co;3
Benzstraße 1;3
Benzstr 1;3
Sc Team Industries Romania Srl;3
Cetest;3
Sc Colpass Trading Srl;3
Metallgiesserei Stassfurt;3
Västtrafik;3
Ch Müller;3
Chocholná Velčice;3
Be Ge Industri;3
Be Aerospace Systems;3
Vpg Südkabel;3
Vossloh Nordic Switch Systems;3
Orgatex;3
Widap;3
Mav Vagon Kft;3
Sanmina Sci;3
Masters Composite;3
Cleemann Sitzsysteme;3
Carl Kurt Walther & Co Kg;3
Ns Nederlandse Spoorwegen;3
Besenthal Lager Und Logistik;3
Weber Sensors;3
Nanjing Kangni Mechanical & Electrical Co;3
Schollglas Sachsen;3
Brönnimann;3
Bsag Bremer Straßenbahn;3
Mws Aluguss;3
Natixis;3
Brecknell Willis;3
Bnp Paribas;3
Mtr Company Railway Industry Enterprises;3
Werk Krefeld;3
Msb Elektronik;3
Schenck Rotec;3
Buhlaer Weg;3
Mrce;3
Schliess Und Sicherungssysteme;3
Bultz Sl;3
Bip Technology;3
Mors Smitt;3
Buster Gfc Z Oo;3
Mobile Climate Control Z Oo;3
Schenck Rotec Auswuchtzentrum Mitte Bau 66;3
Nord West Bahn;3
Maschinen Und Stahlbau Dresden;3
Maria Uherkova;3
Depot De Kinkempois;3
Map Maschinen U Apparatebau;3
Logistic Zollservice Heidenhiem;3
Logiplus Sprl Bvba;3
Loetec Elektronische Fertigungssysteme;3
Db Cargo Railport Darmstadt;3
Db Cargo Werk Maschen;3
Pawel Packing & Logistics;3
Pcb Service Z Oo;3
Aufgang D 4 Og;3
Sncb;3
Linde Material Handling Schweiz;3
Phytec Messtechnik;3
Db Services;3
Vignal Sesaly;3
Snr Wälzlager;3
Db Systemtechnik Instandhaltungstechnik;3
Bressner Technology;3
Picaso  Systems;3
Wintec Process;3
Delequignies Industrie Services;3
Lem Europe Rma;3
Delta Hl S R O;3
Atelier Mécanique Vesin;3
Atbs Abkanttechnik;3
Vis;3
Smarttecs Engineeres;3
Wilhelm Funke & Co Metallgiesserei;3
Vishay Mcb Industrie;3
Osteks;3
Mandy Marschke;3
Mandene & Mandene Holdings;3
Managementservice Linz  Einkauf;3
Barth+Co Kontraktlogistik & Co;3
Barat Transport;3
Ows Service Für Schienen Fz;3
Conrad Electronic Se;3
Vishay Mcb Industries;3
Sirocco Luft Und Umwelttechnik;3
Bank Austria;3
Dachser Steisslingen;3
Ska Sitze;3
Palfinger;3
Critical Software Sa:;3
Currenta & Co Ohg Ant Ma Brandtechnologie;3
Bahnbetriebswerk Hamburg Ohlsdorf;3
Ltg Rail;3
Ltg Poland Spzoo;3
Cz Loko Jihlava;3
Partnertrans Schlesien;3
Slv Halle;3
Metalmex Sro;3
Gsi Gässler Service;3
Galparsoro;3
Günther Martin Metallverarbei;3
Günther Martin Metallverarbeitung;3
Friedrich Lütze + Co;3
Ferro Technik Maschinenbau;3
Euler Hermes Deutschland;3
Sächsische Luftfahrt Service;3
Ibs  Institut Für Brandschutztechnik Und Sicherheitsforschung;3
Transformadores Trama;3
Telarc Srl;3
Helite Sarl;3
Hahn Und Kolb Werkzeug;3
Friedrich Luetze;3
Iba Industrieberatung Dirk Abrie;3
Groeneveld Beka;3
Hilgendorf & Co Kg;3
Guett Dern;3
Hu6  Cisco International;3
Iabg Mbh;3
Ferd Von Hagen Söhne;3
Thomas Böhme;3
Televic Gsp;3
Euler Hermes;3
Teleste Information Soluti;3
Ig Watteeuw Cr;3
Halfen;3
Hottinger Brüel & Kjaer Repair & Calibration Team;3
Igo3D;3
Svi Austria;3
Teltowkanalstraße 1;3
Forgex Polska Z O O;3
Taller Renfe Santa Catalina Ii Btren;3
Freiburger Strasse 44;3
Identa Ausweissysteme;3
Henschel Fertigungstechnik;3
Telarc;3
Glas Trösch Rail;3
Henrik Berg;3
Tropper Data;3
Taller Mantenimiento;3
Tüv Austria;3
Faro Europe;3
Gewerbestr 33;3
Gsp Sprachtechnologie  Aufgang D 4Og;3
Interflon;3
Trams Tec Vetschau;3
Thoni Alutec;3
Trelleborg Avs;3
Indupol Internation;3
Greenwood Engineering S A;3
Ernst Brinck & Co;3
Ima Materialforschung Und Anwendungs;3
Imc Trenitalia Frecciarossa;3
Gödde & Co Kg;3
Hydraulik Pneumatik Und Service Steffen Haupt;3
T S Ide Misch Udosiertechn;3
Incoil Induktion;3
Fraunhofer Iws;3
Hlb Hessenbahn;3
Hoffmann Nürnberg;3
Heidelberger Druckmaschinen;3
Südwestdeutsche Landesverkehrs Bt Servicestelle Talent 3 Fby;3
Transaktionssysteme Austria;3
Gelber Bieger;3
Stäubli Wft;3
Instytut Mechaniki Spzoo;3
Ferrybyrne;3
Göteborgs Sparvägar Förrad 1 – Centralförradet;3
H + W Werner Höhmann;3
Mav Vagon Eisenbahnfahrzeughersteller;2
Pictum Niederlassung Strausberg;2
Thoni Alutec Zoo Ta2;2
Thyssenkrupp Schulte;2
Rump Strahlanlagen & Co Kg;2
Fraunhofer Institut Für Fertigungstechnik Und Angewandte Materialforschung Ifam;2
Siegstrasse 2A;2
Cixi Huili Machinery & Electric Co;2
Fraunhofer Institut F Großkulturen In D Produktionstechnik;2
Mba Mueller Building Automation;2
Metaform Maschinenteile;2
Wabco Locomotive Prod Div Customer Service Department;2
Talles Nuevos Bmi Renfe Verde De Fuente Amarga;2
Talleres Renfe Santa Catalina;2
Maschinenfabrik Wagner Gmbh& Cokg;2
Vossloh;2
Shb Stahl Und Hartgusswerk Bösdorf;2
Fpt Forging Steel Products S L;2
Wisch Engineering;2
Holz & Kunststofftechnik Gerd Finkensiep & Co Kg;2
Tatulla Automation;2
Atelier Polyvalent De Melle  Sncb;2
Metallgießerei Pößneck;2
Hoffmann Group Technology Center;2
Sfs Safety Flooring Systems;2
Hoppecke Rail Systems;2
Vvm De Lijn;2
Sgw Werder & Co Kg;2
Sgs Institut Fresenius;2
Gloria Werke H Schulte Frankenfeld & Co;2
Metallveredlung Bär;2
Sibeak;2
Chaimers University Of Tech Dep Mechanics & Martime Sci Division Of Dynamics;2
Talleres Renfe Santa;2
Pierre Blondel;2
Meerheide 14A;2
Mestec;2
Micronex;2
Clemens Fritze Industrieverpackungen & Co Kg;2
Fischer;2
Prettl Electronics;2
Coudoint;2
Creafol;2
Cremel;2
Luftkissentechnik Steingasser;2
Go Ahead Baden Württemberg;2
Trigum Engineering;2
Skandinavisk Logistik (Skanlog);2
Production Facility In Cracow (Ec Engineering);2
Production Service Drach;2
Vishay Electronic Spol Sro;2
Vishay Electronic Esta Capacitors Division Rma L021502;2
Cura International Center 10F 01;2
Skm;2
Maschinenbaumechanik Dresden Mbh;2
Hbc Radiomatic;2
Cz Loko As;2
Hugo_Küttner Str 1A;2
Lte Logistik Und Transport;2
Profimaster Kft;2
Progress Rail Signaling Spa;2
Api Computerhandels;2
Firma Ero;2
Api Acieries De Ploermel Industrie;2
Apex Tool Group;2
Propulsion & Control Faga;2
Anued Anlagenbau;2
Vis Verkehrs Industrie Systeme;2
Gmt Werk 2 Distirutionslogisik;2
Cordm;2
Htv;2
Prettl Electrical Systems Potvorice Sro;2
Rue Du Santerre;2
Power Automation Sweden;2
Maschinen U Stahlbau;2
Fonderia Bocacci Spa;2
Volkmann Elektromaschinenbau;2
Power Inovation;2
Armano Messtechnik;2
Powerbox International;2
Armacell;2
Talleres Mantenimiento Ave Los Prados;2
Marcus Fahrner;2
Taller Mantenimiento Renfe Mercanci Ctra;2
Mandene Holdings;2
Hr Rainer Lossow;2
Collins Aerospace;2
Aris Stellantriebe;2
Comax Industrielle Signaltechnik Friesecke Sven C O Las Burg 58294;2
Arcadia Traslochi Srls;2
Compin;2
Computacenter;2
Aq Wiring Systems Z Oo;2
Mag Ias;2
Gmc I Service;2
Mafelec Veyrins;2
Consignaciones Y Transportes Coloegui;2
Hahn&Kolb Werkzeuge Retourenabwicklung;2
Aq Components Vasteras;2
Pickering Interfaces Sro;2
Carretera San Vicente S N;2
Cellofoam & Co Kg;2
Helios;2
Hellermann Tyton;2
Weidmüller Cokg;2
Tmf Sav;2
Brecknell Willis & Co;2
Saint Gobin Sekurit Italia Srl;2
Weidmüller Interface & Co Kg;2
Nederlandse Spoorwegen Sco Lc;2
Cef  Centre D'Essais Ferroviaires;2
Sandviksplast;2
Basler Verkehrs Betriebe;2
Heinzmann & Co Kg;2
Basler Verkehrsbetriebe;2
Bls Zentrallager Bahnproduktion;2
Haug Vertriebs;2
Transit Design Groupe  Europe Sarl;2
Schnoor Industrieelektronik;2
Gipro;2
P Druseidt & Co Kg Elektrotechn Spezialfabrik;2
Breuer Cnc Frästechnik;2
Helmut Fischer;2
Techniques Et Formages;2
Gjutaregatan 4;2
Schongauerstr;2
Timo Schreiber;2
Brunel Car Synergies;2
Henkel Belgium;2
Pamo Reparaturwerk;2
Schroff;2
Wehreyering 21;2
Wefa  Westdeutsche Farbengesellschaft Brüche & Co & Co Kg;2
Schwarz;2
Bautz Gesellschaft Mbh;2
Tourus Metallverarbeitung;2
Blg Logistics Solutions  Log Zentrum Krefeld;2
Bega International;2
Get Gesellschaft Für Elektro Technik Mbh;2
Hawo Kunststofftechnik;2
Benzstr 42;2
Get Gesellschaft Für Elektrotechnik Mbh;2
Benzstrasse 42;2
Ole Nonbye Creafol;2
Headquarters Weidinger;2
Oliver Neumann;2
Gerhard Zeiss;2
Ns Componentendedrijf;2
Westfälische Landes Eisenbahn;2
Weserland Sitzsysteme Railway;2
Gerep Maschinen;2
Sbs Metalltechnik;2
Norm + Sonderschrauben;2
Nicotra Gebhardt;2
Nordwestbahn;2
Technischer Service Zoll Medical Deutschland;2
Becker Industrie Zi Du Champ De Mars;2
Beacon Rail Leasing Sarl;2
Nonbye  Creafol;2
Heinrich Räder;2
Bio Circle Surface Technologie;2
Trans Tec;2
Bisiach & Carrù Spa;2
Werkstraße 2;2
Björn Spreitz;2
Nies Electronic;2
Blackpool Transport Services;2
Technische Universität Wien;2
Btren Mantenimiento Ferroviario;2
Gabriel Konstruktionen Eu;2
Panlink Zoo;2
Autolift;2
Böllhoff Verbindungstechnik;2
Mkt Systemtechnik;2
Warehouse;2
Mjm Metallverarbeitung;2
C+S;2
Mitsubishi Electric Klimat Transportation Systems;2
Captrain Bahbetriebswerk;2
Mitsubishi Electric Corporation  Mr Uchiyama;2
Carabelli Srl;2
Mikromat Niederlassung Direkt Form;2
Automatisierung Maschinenbau Westpfalz;2
Sechereon Hasler Cz Spols Ro;2
Trelleborg Antivibration Solutions Soodstr 57 Ch 8134 Adliswil;2
Midwaggon;2
Erik Olssons Mekaniska;2
Glas Troesch;2
Wimbledon Traincare Depot;2
Pflitsch & Co Kg;2
Freudenberg Fst;2
Microelettrica Scientifica;2
Prüf Und Validationcenter (Pcw);2
Hitz Kran Und Industrieservice;2
Michel Planen;2
Wago Kontakttechnik & Co Kg;2
Hkt Gerd Finkensiep & Co Kg;2
Telco Sensors Austria;2
Michael Kamolz;2
Trelleborg Antivibration Soultions Germany;2
Sepsa Medha;2
Atp Electronics Taiwan Inc;2
Mobil Kunststoffprofile;2
Fritz Heinzmann & Co;2
Schweiger;2
Fuchs Schmierstoffe;2
Wijdeven Inductive Solutions;2
Paragon Products Llc;2
Wika Alexander Wiegand & Co;2
Btren Mantenimiento Ferroviario Talleres Renfe Mercancias;2
Safram Depot Kammacher Quais 14 To 17;2
Msv Metal Studenka As;2
Mssl (Gb) Limited;2
Btren Mantferroviario Talleres Renfe Mercancias Barcelon;2
Gl Spezialverglasung (Gebäudekomplex);2
Parker Hannifin Manufacturing & Co Kg Eds;2
Bader Pulverbeschichtung;2
Happich  Logistik Center Touratech;2
Te Connectivity Solutions;2
Mq Engineering;2
Mpa Dresden;2
Schütz & Co Kg Präzisions Werkzeugbau;2
Te Connectivity Schenker Spol Sro;2
Burisch Elektronik Bauteile;2
Bach Simpson C O Link Xpress;2
Hessische Landesbahn Standort Baunatal;2
Hexagon Metrology Sro;2
Morello Spa;2
Moosmatt 8;2
Schäfer Werkzeug Und Sondermaschinenbaugmbh;2
Burster Präzisionsmeßtechnik;2
Monte Meao Componentes;2
Montanuniversität Leoben;2
Schöpstal Maschinenbau;2
Te Connectivity  Fabien Jarrier;2
B&V Leipzig;2
Präzisionstechnik Güstrow;2
Benjamin Görisch;2
Recht Logistik C O Bvv;2
Dirk Wunderlich;2
Advanced Realtime Tracking;2
Dispo Gruber Logistics;2
Ktk Group Europe;2
F Isa Srl;2
F Golebniak Ing E Insallation;2
Verkehrsgesellschaft Görlitz;2
Ksw Kreisbahn Siegen Wittgenstein;2
Göteborgs Sparvägar;2
Texat Decor Engineering;2
Doettingerstrasse 11;2
Görlitzer Hanf Und Drahtseilerei & Cokg;2
Kecskemét;2
Kalthoff Luftfilter;2
Exova Metech;2
Kroschke Sign International;2
Rail Tec Arsenal;2
Richard Customer Service;2
Stemmann Polska Oo;2
Greenwood Engineering A S;2
Ziehl Abegg Ibérica Slu;2
Uni Elektro;2
Göteborgs Spårvägar;2
Tts Aso  Citi Europe Plc;2
In Tech;2
Kay Matzeit;2
Fa Wald Antriebe;2
Dieselstr 34;2
Fa Sange Cnc Fertigungstechnik;2
Kvt Fastening;2
Inotec Electronics;2
Ilf Magdeburg;2
Dinghan Smart Rw Tec;2
Kaufmann Gbmh & Co Kg;2
Elesta Elektrotechnik;2
Alphacam;2
Ebm Papst Hollenbach Vzh;2
Alpha Signs Leipzig;2
Zwick Roell & Co Kg;2
Inosig;2
Kurz Elektroanlagen;2
Alpha Signs;2
Swer Südwestdeutsche Landesverkehrs Bt Servicestelle;2
Alpha Electronics;2
Kawe;2
Steinwiese 8;2
Verkehsbetriebe Karlsruhe;2
Ewellix Bulgaria Eood Business Park Rojen;2
Dr Graband & Partner;2
Via Madonna Del Bosco;2
Industrial Division Z Oo;2
Rainer Ebert Lange;2
Swedish Quality Labels;2
Tzo Leipzig;2
Akw A+V Protec;2
Akn Eisenbahn;2
Unitcontrol Messtechnik;2
Kolben Seeger & Co Kg;2
Industrie Hydraulik Vogel & Partner;2
Elbe Flugzeugwerke  Halle 221  Versand;2
Ekv;2
Euro Techni Controle;2
Kfw Ipex Bank;2
Euro Composites;2
Ekide Sl;2
Stahlwerk Thüringen;2
Kluge;2
Klingenweg 1;2
Unit 6A Graycar Business Park;2
Zone Systems;2
Ing Wöhrer Gesmbh;2
Zoller & Fröhlich;2
Unikai Lagerei Und Speditionsgesellschaft Mbh Hamburg Schuppen 48;2
Gvb Verkehrs & Betriebsg Gera Mbh;2
Testsinn;2
Electronicon Kondensatoren;2
Suzhou Fengshi Metal Technology Coltd;2
Verint Systems;2
Sweg Süddeutsche Landesverkehrs;2
Etc  Engineering Training Consulting;2
Krd Sicherheitstechnik;2
Raussendorf Maschinen Und Gerätebau;2
Sweg Bahn Stuttgart;2
Railcare T;2
Indupol International;2
Krapf & Lex Nachf Verkehrstechnik;2
Elektromaskinteknik Permatek;2
Krapf & Lex & Cokg;2
Gustav Klauke;2
Zeppelin Power Systems Halle 13;2
Drsteingroever Gmbh&Co Kg;2
Kraft Service;2
Jst Transformaturs;2
Gpc;2
Robosys;2
Turck & Cokg;2
Robert Wagner & Cokg;2
Rapid Ch;2
Alu Menziken Extrusion;2
Acton Works Depot Rew Goods In Ac01;2
I Zimmermann Maschinenbau;2
De Lijn;2
Acorel;2
Iph;2
De Run 5410;2
Lessingstrasse 4 1;2
Realker Müszaki Kereskedelmi Kft;2
Soflog;2
Ing K Wöhrer;2
Purkart Systemkomponenten & Cokg;2
Enics Schweiz;2
Zagro Bahn Und Baumaschinen;2
Lenord Bauer & Co Digitale Messysteme;2
Intirio;2
Deisslinger Transformatoren;2
Tromont Doo – Production;2
Lem Europe Rma E22116603;2
Tüv Süd Lgö Mt&I;2
Rhreinbahn K2024  Einkauf;2
Deloitte;2
Ibh Hammer;2
2 Rue Benedikt Zender;2
Db Systemtechnik Zersctörungsfreie Prüfung;2
Häfen Und Güterverkehr Köln Lager 1;2
Pws Buschhütten;2
Ephy Mess;2
Ericsson;2
Iph  Institut Prüffeld Für Elektrische Hochleistungstechnik;2
Ffs Viaggiatori Operating Industriewerk Bellinzona;2
Gpv Eesti As;2
Isoclima Spa;2
Pt Industri Kereta Api;2
Lnvg;2
Hydrostat;2
1400 14Er;2
Texit Deutschland;2
Hydrostat International;2
Epidor;2
Zoerkler Gears & Co Kg;2
Grabes Metall Ohg;2
T S I Misch Und Dosiertechnik;2
Smw Spezialmaschinen Und Werkzeugbau & Co;2
Graham White Mfg Inc Core Warranty Remain Receiving;2
Vikavägen 144;2
Häfen Und Güterverkehr Köln;2
Db Schenker Rail;2
Linklaters Llp;2
Die Länderbahn Dlg;2
Es 31880 Leitza Pol Iñurrista 4;2
Regionalbahn Schleswig Holstein Werk Kiel;2
Amphenol Air Lb;2
Speck Pumpen;2
Demminer Maschinenbau Technik;2
Grundfos;2
Rc Technik Ventilatoren Vertriebs;2
Itw Deltar Int Comp;2
Reuschling Service & Co Kg;2
Landkreis Oberhavel Fachdienst Wasserwirtschaft;2
Ampac;2
Et System Electronic;2
Eckold Biegetechnik & Cokg;2
Spicer Gelenkwellenbau Werk Industrie;2
Ing Kwöhrer Metallbautechnik;2
Lander Simulation&Training Solution;2
Spedition Kronenberge Lager Alpha Trains;2
Spedition Schmitt;2
Ignaz Koeck Strasse 19;2
Gühringa Kg;2
Spherea;2
Zeleznicne Opravovonea Strojane;2
Sparvagnsverkstaden;2
Granitor;2
Vag Verkehrs Aktiengesellschaft Nürnberg;2
Laser Schneid Und Gerätebau;2
Pws Co Industriepark Siepark;2
Leclanché E Mobility;2
Ana Cecilia Simoes;2
Depot De Lijn Gentbrugge Product Introuctin;2
Institut Für Korrosionsschutz Dresden Mbh;2
Steffen Crystall;2
Eduard Meyer & Co Kg;2
Sonepar;2
Ullmann Peter;2
Fbt Fahrzeug Und Maschinenbau;2
Soraluce S Coop;2
Die Adre Anvis Industry;2
Ultimate Transportation Equipment;2
Emka Beschlagteile;2
Emil Kaltenbach & Co;2
Latusek;2
Rosenberg Ventilatoren;2
Ultimate Europe Transportation Equipment;2
Tüv Süd;2
Institut Für Maschinenwesen;2
Safram Depot Kammacher Quais Docks 14 To17;1
Zollamt Österreich Dienstelle Nord;1
Wiesenweg 9;1
Zoller & Froehlich;1
Risatti Instruments Srl;1
Wiesenweg Gsp Sprachtechnologie;1
Rittal & Co Kg Retouren Rittershausen;1
Xxl Logistic;1
Thomas Bailly;1
Wetec & Co Kg;1
Thiemann Industrie Elektronik Ersatz;1
Tecnotron Elektronik;1
Wheelabrator Group;1
Zwingenburgstr;1
Theos 98 Sl;1
Sba Trago Tech;1
Zwingenburgstraße 6 8;1
Ricardo Nederlands;1
Tp Blau  Technoprofil;1
Ricardo Linssen;1
Westfälische Lokomotiv Fabrik Reuschling & Co Kg;1
Rhode + Wagner Anlagenbau;1
Sc Abi Srl;1
Sc Atelierele Cfr Grivita;1
Čaporice 131;1
Westfracht Spezialverkehre  Atlas Copco;1
Sazcılar Otomotiv Sanayi Ve Ticaret Aş;1
Zumpeweg;1
Wiesenweg;1
Ricoh Deutschlandgmbh;1
Riedstrasse 12;1
Thierbacher Str;1
Tmf Operating Att Patrick Renard Florence Dhaussy;1
Zoppas Industrie Germany;1
Thieme & Co Kg;1
Tobelraastr 4;1
Salzburg Lokalbahn;1
Sandweg 2;1
Sat;1
Sange Cnc Fertigungstechnik;1
Richardson Rfpd Germany;1
Zulassung24Berlin;1
Torsten Spiess;1
Wieland Lufttechnikgmbh;1
Texas Instruments Emea Sales Attn: C Kowalski;1
Rhenus Warehousing Solutions Se & Co Kg;1
Tecsis;1
Wilson Rail Engineering;1
Zollamt Bad Säckingen;1
Zarges Werk Dresden;1
Rosentor Oü;1
Rose Systemtechnik & Co Kg;1
Rue Benedikt Zender 2;1
Wojciech Zaj Cwojciech Zaj C;1
Rue Du Commerce 14;1
Thomas Wolf;1
Zargo Bahn Und Baumaschinen;1
Zebra Service Center;1
Zeidler & Uhl;1
Zeiss Str 3 5;1
Ronny Nadazy;1
Ruhrbahn Strab Betriebswerkstatt;1
Woertz Deutschland;1
Wocken Bautzen;1
Telema Spa Via Salvoni6629122 Piacenza;1
Wl Hauptwerkstätte  Ostlager;1
Rupert Hube;1
Wl Gore & Associates;1
Ruwac Industriesauger;1
Witzenmann France Sarl;1
Rwa;1
Rudolr Pützer;1
Wolfgang Postler;1
Zeppelin Power Systems & Co Kg Zeppelinstraße;1
Rudolph Tietzsch;1
Rs Getriebe;1
Rs Components Distributionszentrum;1
Xbrain Software;1
Roxtec;1
Württembergische Eisenbahnges Mbh;1
Route De La Chapelle;1
Yukusoft;1
Z+R Kunststofftechnik;1
Zagro Bahn & Baumaschinen;1
Rta Rail Tec Arsenal;1
Roth + Weber;1
Würth Industrie Service Retouren;1
Televic;1
Rotasin Kunststofftechnik;1
Würth;1
Rostin;1
Zaklad Centrum Produkcyjne;1
Wunsch Öle;1
Zakladowa 97;1
Rudolf Putzer;1
Rudolph Logistik;1
Telema Spa Frazquarto;1
Thoni Alutecta2Ta2;1
Zkusební Centrum Vuz Velim;1
Zf;1
Safety Tech;1
Zf Friedrichshafen  Werk 1 Halle 45;1
Rnv Rhein Neckerverkehr;1
Tesa Se;1
Wilhelm Sönnecken;1
Rnv Lager Ludwigshafen;1
Zf Friedrichshafen Sonderantriebstechnik (St);1
Timken Rail Services Uk;1
Zf Friedrichshafen Versand Werk 1 Halle 47;1
Zf Group Nutzfahrzeuge Cv Technology;1
Tesa Se Christoph Hellermann;1
Zhuzhou Times New Material Technology Co;1
Tesa Se Scs Europe;1
Wilhelm Funke & Co;1
Wilh Schlechtendahl & Söhne & Co Kg;1
Testo Ind Services;1
Timken Rail Services Uk  Unit 5 Io Centre;1
Zimmermann Technische Federn;1
Zirkel 1 Schwarzatal;1
Zkusbní Centrum Vuz Velim;1
Zkusebni Centrum Vuz Velim;1
Safeln Train;1
Sadtem;1
Rws;1
Zez Silko Sro;1
Röchling Industrial Oepping;1
Rolf Dieter Van Alst;1
Tercap Indus;1
Terminal 2 Gesellschaft Mbh & Co Ohg;1
Röntgenstrasse 2;1
Roetelmann;1
Röntgenstraße 2;1
Telema;1
Teledyne Icm;1
Tiberco Officina Manutenzione Rotabili;1
Zeppelin Power Systems Gmbh& Cokg;1
S Schliess Und Sicherungssysteme;1
Winkler Design & Co;1
Rodolphe May Castmetal Feurs Assurance Qualite;1
Times New Material Technology Co;1
Thomas Lindemann;1
Robur Prototyping;1
Thomas Göthel;1
Willbrandt Gummiteknik A S;1
Sabacaucho Sau Pol Industrial Pla De La Bruguera;1
Wilka Schließtechnik;1
Württembergische Eisenbahn;1
Strojírna Litvínov Spols Ro;1
Sc Ultimate Transportation Equipments Srl;1
Via Xv Aprile 19;1
Vetschauer Industrieservice;1
Via Don Volpi 37 Angolo Via Montoli;1
Spiral Reihs;1
Spii Spa  Service;1
Tsk Prüfsysteme;1
Spicergelenkwellenbau;1
Via Mottinello 141;1
Ts Henschel Warenausgang Tor 5;1
Skz  Kfe;1
Syko Gesellschaft Für Leistungselektronik Mbh;1
Spedition Diez C O Abellio;1
Speckpumpenwalterspeckgmbh&Cokg;1
Trumpf Laser Ersatzteil Zentrum;1
Speck Pumpenfabrik;1
Speck Pumpen Systemtechgmbh;1
Sz  Vleka In Tehnika Doo;1
Vermdok Vermessung Und Dokumentation;1
Tu Berlin;1
Spohn & Burkhardt & Co;1
Verkehrsgesellschaft Frankfurt Am Main Mbh;1
Stadtwerke Augsburgverkehrsbetriebe;1
Velomat Messelektronik;1
Vem Motors;1
Sweg  Betriebswerkstatt Offenburg;1
Veolia Lager Sehnde;1
Vereinigung Cockpit Ev;1
Tu Dresden Imm Maschinenelemente;1
Spårgatan;1
Tu Clausthal Institut Für Maschinenwesen;1
Verkehrsbetriebe Brandenburg An Der Havel;1
Sweg Südwestdeutsche Landesverk;1
Tu Claustahl Institut Für Maschinenwesen;1
Tu Chemniz Professur Leistungselektronik;1
Tu Chemnitz 231331 Maschinenelemente Und Produktentwicklung;1
Sweg Südwestdeutsche Verkehrs;1
Sourcetronic;1
Sotradel Site Logistiwue Belle Dombes;1
Sotradel Site Logistique Belle Dombes;1
Vincorion Jenoptik;1
Smw Spezialmachinen Und Werkzeugbau & Co Kg;1
Vincornion Power Systems;1
Vip Verkehrsbetrieb Portsdam;1
Virlab;1
Smc Deutschland;1
Triwin Spol S R O;1
Virlab (Urbar Ingenieros Sa);1
Triwin Spol S;1
Smarttecs Engineers;1
Tagmaster;1
Smart Railway Technology Warenausgang (Tor C);1
Tagmaster (Only Collection At Orbit One Ab);1
Tagmaster C O Orbit One;1
Smart Railway;1
Vis Vetschauer Ndustrieservice;1
The Matador Co;1
Tromont Doo Production;1
Trox Hesco Schweiz;1
Sncf Cim;1
Via Xxv Aprile 9;1
Tromont Production Production Plant Čaporice;1
Soma Sondermaschinenbau Dannenwalde;1
Szakálfém Kft;1
Solďż˝ Mechanical Solutions;1
Sohland;1
Sogefi Suspensions Heavy Duty Italy;1
Sogefi Hd Suspentions Germany;1
Sören Titze;1
Südliche Römerstraße 12  18;1
Südwestdeutsche Landesverkehrs;1
Viastore System;1
Viastore Systems;1
T Mobile Austria;1
T Nordenbergs Mek Verkstad;1
Vds Schadenverhütung;1
Stadtwerke Frankfurt;1
Swedtrac Rail Services;1
Undustrial De Transformados Itsa;1
Stl Aussenlager;1
Stirg Metall Be Und Verarbeitung;1
Stimio By Cbm;1
Stib Mivb Haren Tram 5F;1
Stib Mivb Haren Tam 5F;1
Supplier Doabt;1
Unikai;1
Stib Batiment Mivb 3H;1
Unionocel Sro;1
Tyco Electronics Polska;1
Stephan Leithold;1
Stemmann Technik Ggmbh;1
Stemmann Technik Gbmh;1
Suvalkijos G 6 Pagiriai Kauno Raj;1
Uniontransit C O Comitras Soc;1
Stl Außenlager;1
Sung Shin Rolling Stock Technology Company Limited (Ssrst);1
Ups Customer Center Basel;1
Stork Betriebsgesellschaft Mbh;1
Strukton;1
Uesatrans;1
Ukrajinska 17;1
Ul Jakuba Haška 11;1
Stratiforme Deutschland;1
Uld United Logistics & Distribution;1
Stratasys;1
Studio Tributario Societario  Deloitte Società Tra Professionisti Srl C A Maurizio Bancalari &;1
Stuttgarter Strassenbahnen;1
Strada Raului Nr 393;1
Tüv Rheinland Consulding;1
Strabag Infrastructure And Safety Solutions;1
Ultimate Transp Equipement;1
Strabag Infrastructure & Safety Solution;1
Stäubli Tec Systems Kupplungstechnik;1
Uppsala Kommun  Stadsbyggnadsförvaltning;1
Stemann Technik;1
Stadtwerke Görlitz;1
Van Leeuven Deutschlnad;1
Starcompany  A Galaxy Of Communication;1
Staples Distributioncenter Waldlaubersheim;1
Svt Görlitz;1
Swedex;1
Vaneker & Koch;1
Vanessa Ego;1
Variolux;1
Stalobrex Z Oo;1
Varsha Kumari;1
Vbk  Verkehrsbetriebe Karlsruhe;1
Stahlbau Grabner;1
Vbk Verkehrsbetriebe Karlsruhe;1
Vde Prüf U Zertif Institut;1
Vde Zertifizierungsinstitut;1
Vds Rail Srl;1
Sven Becker;1
Starr Gate Tram Depot Blackpool;1
Ups Niederlassung;1
Valeria Gentile Pmo Orlade;1
Steitz Präzisionstechnik;1
Steinbrinkstrasse 1;1
Ups Scs (Nederland);1
Steinborn;1
Tyco Electronics France;1
Tyco Elect Polska Spzoo;1
Uwe Adam Evu;1
Steffen Haupt;1
Steffen Chrystall;1
Vacuumschmelze & Co Kg;1
Steffen Chrystal;1
Stefan Lauscher;1
Vagonka Interiors;1
Stefan Herzog;1
Suzhou Fengshi Metal Technology Co;1
Sl Stahl Und Maschinenbau;1
Skoda Pars Nova As;1
Westermo Network Tec;1
Transportes Galparsoro Sl;1
Team Industries;1
Schweizer Bundesbahn Sbb Materiallogistik Serviceanlage;1
Team Industries Sk Sro;1
Transtec Vetschau;1
Schweiger Internationale;1
Schwarzott;1
Technicentre Industriel De Vénissieux;1
Weidemüller Interface;1
Talbot Service;1
Weidmüller;1
Schongauerstraße 25;1
Weidmüller & Co Kg;1
Technische Infobibliothek Tib;1
Schollglas;1
Weidmüller & Cokg;1
Transcom;1
Trefimetaux;1
Te Connectivity Ul Aleksandra Krzywca 2 85 862 Bydgoszcz;1
Te Connectivity Solutions Gmbhprocessed;1
Te Connectivity Nederland;1
Sec;1
Seb Trade Finance Client Ser;1
Seb Skandinaviska Enskilda Banken;1
Warehauuse Partnertrans;1
Se 72134 Västerås Bastborregatan 14;1
Se 72132 Västerås Hackstavägen 11 23;1
Warenausgabe;1
Wasp Srl;1
Tdg Transit Disign Groupe Europe;1
Sdk Logistics;1
Wasserstraßen U Schifffahrtsamt Oder Havel;1
Waygate Technologies;1
Weber Mecanique;1
Trelleborg 1 Hood Close;1
Schwerlast Terminal;1
Weidmüller Interface;1
Schneider D&G Holzprodukte;1
Weidmüller Schweiz;1
Schleuniger Messtechnik;1
Werner Schweißtechnik;1
Trans Te F&E Vetschau;1
Tramwaje Szczecinskie Zoo;1
Train Ing;1
Werner Schweißtechnik &Cokg;1
Werner Spedition;1
West 4 Business Hub;1
Schahlled Lighting;1
Westaflex;1
Trafomec Shanghai Industires;1
Technograv Coburg;1
Technologie Zentrum Für Oberflächentechnik Und Umweltschutz Leipzig;1
Schadensanalyse Und Korrosion Tüv Rheinland Werkstoffprüfung;1
Techtronic Industries;1
Scanatron Technics;1
Trans Tec Vetschau;1
Technische Universität Wien Inst Für Elektrische Antriebe;1
Weilburger;1
Werk Herten;1
Weilburger Coating;1
Weitkowitz;1
Technische Uni Wien  Inst 370 2 Institut F Energiesysteme & Elektrische Antriebe;1
Schmidbauer Transformatoren Und Geräte;1
Schmalz+Schön Logistics Region Berlin;1
Schmalz+Schön Logistics;1
Welter Zahnrad;1
Schmalz + Schön Logistics;1
Wemag A Ruland & Co Kg;1
Schloßstr 5 7;1
Schlossstrasse;1
Weniger Elektrogroßhandel;1
Schlossstr 5  7;1
Technische Universität Chemnitz  Iwp  Professur Uff 231537;1
Wepatronic;1
Walter Stauffenberg;1
Walter Schütz;1
Sefag Components;1
Taller Locomotoras Can Tunis;1
Vizaar Industrial Imaging;1
Vmw Verkehrsverbund Mittelsachsen;1
Sintronics;1
Voestalpine Bohler Welding;1
Volante & Co Kg;1
Tridelta Meidensha;1
Taller Mantenimiento Ave Btren;1
Talleres Corral Mecanizados Sl;1
Sincotec Text & Engineering;1
Simu Fertigungs Bautzen;1
Volker Springfeld;1
Silver Athena;1
Silikon Technik Siltec & Cokg;1
Silbitz Group Staßfurt Aws ∙;1
Trescal;1
Sio Signalteknik;1
Sirail Prakovce Sk;1
Vorwerk & Co Teppichwerke & Co Kg;1
Vivber Kft;1
Tritem Zoo K;1
Talejur Z Oo;1
Vishay Electronic Sro;1
Vishay Electronics;1
Tridelta Meldensha;1
Vishay Europe Sales;1
Sj;1
Vishay Mcb;1
Talgo;1
Site De Basso Cambo;1
Sirocco Polska Spzoo;1
Taller Fgc;1
Visometry;1
Visunext International & Co Kg;1
Vitor Gabriel Silva;1
Vorwerk & Co Teppichwerke;1
Siempelkamp Prüf Und Gutachtergesellschaft Mbh;1
Tdg Transit Design Group;1
Sgs Germany  Röntgenhalle;1
Výpusta 656;1
Výzkumný Ústav ?Eleznicní As;1
Sew Eurodrive & Co Kg;1
Trelleborg Antivibrations Solutions;1
Sew Eurodrive;1
Wagner Maschinen U Apparate;1
Wagner Maschinen U Apparatebau;1
Servo Robot Inc;1
Serkan Yukos;1
Senso Tek;1
Trelleborg Antivibration Solutionsgermany;1
Selectron Systems;1
Wagon Service Travel Sro;1
Tcm Systems;1
Tct Idea Logistics;1
Vúkv As Test Centre;1
Völkers Metallbearbeitung Gmbh&Cokg;1
Vossebeinwerner;1
Sgw Schaltgerätewerk & Cokg;1
Siemaflex & Co Kg;1
Siegstr 27;1
Sieg&Speith Metallgießerei;1
Tanja Molthan;1
Sieg & Speith Mtallgießerei;1
Sieg & Speith Metallgießerei;1
Trelleborg Avs Beaumont Leys;1
Trelleborg Avs 1 Hood Close;1
Vr Kunnossapito Oy;1
Vr Sverige Ulvsundadepan;1
Vulcanic Triatherm;1
Shc;1
Tatjana Braun;1
Shb Bösdorf;1
Västberga Alle;1
Smw Spezialmaschinen U Werkzeugbau;1
 	Mikromat Betriebsstätte Direkt Form;1
Rhenus Ag&Cokg C O Nordwest Retoure;1
Ellamp Systems Srl Via Verdi Nr 10 21020 Bodio Lomnago;1
Evva Sicherheitstechnik;1
Evag Essener Verk;1
Euromaint;1
Eurobahn;1
Etc Engineering Training Consulting;1
Estover Close;1
Estanda;1
Est;1
Essener Verkehrs Nebenlager;1
Essener Verkehrs;1
Eske Drahy As;1
Es 50196 La Muela C Buenos Aires  Pol Ind Centrovia 67;1
Es 48340 Amorebieta;1
Erwin Telle;1
Erwin Reumüller Tewa;1
Erwin Germany;1
Ernst Brinck + Co;1
Ernst & Young Steuerberatungsgesellschaft Mbh;1
Erik Olssons Mekaniska Verkstad;1
Erik A Olssons Mekaniska;1
Era Contact Gölshausen;1
Eolane Berlin C O Center Systems;1
Eno Telecon;1
Enic Sweden;1
Ems Elektro Metall E;1
Emr Materialförråd Umea;1
Emil Frei & Co Kg;1
Emi Tec;1
Emg Automation;1
Exide Technologies;1
Expleo Germany;1
Expleo Innovation Lab;1
Feuerland Werkstätten & Cokg;1
Fln Feuerlöschgeräte Neuruppin Fln Vertriebs;1
Fln Feuerlöschgeräte Neu Vertriebs;1
Fln Feuerlöscher Neuruppin;1
Flamm Institut;1
Flaig + Hommel;1
Five Lager Und Archiveinrichtungen;1
Fisa Srl  Zind Rivoli Di Osoppo;1
Fis Fahrzeuge & Industrielackierung;1
Firma Witec & Cokg;1
Finsterwalder Transport & Logistik;1
Finsterwalder Transport;1
Fhf Funke + Huster Fernsig;1
Ffccgeneralitat De Catalunya;1
Feuer Verzinkerei Profi;1
Extal;1
Ferrotechnik Maschinenbau;1
Felix Bässgen;1
Federal Mogul Deva;1
Favram Soc Coop Mad;1
Fastlogic Zoo;1
Fastech;1
Fart Officina Treni Via Stazione 1 6652 Tegna Ti;1
Farnell;1
Falk Seehotel Plau Am See;1
Fabrication Asientos Vehiculos Industriales;1
Fa Zeitschrieb;1
Fa Kaufmann Met;1
Fa Jumo;1
Emeline Rousse  Avantis Atos;1
Ellamp Systems Srl;1
Rhein Necker Verkehr;1
Elke Technik Wärme Und Verbindungssysteme;1
Dörken Coatings;1
Dynamic Metals Kentucky Llc;1
Dyna Shock System Monts Du Val D'Oise;1
Dwellworks 3Rd Floor Bldg 12 Lane 25;1
Duritcast;1
Duray;1
Dura Automotive Systems;1
Dupont De Nemours (Lu) Sà Rl;1
Druseidt Nachf;1
Drixelius Söhne Kg;1
Drive Test;1
Dringk Busch;1
Dragonerstraße 2;1
Dr Techn Zelisko;1
Dr Seveke;1
Dr Johannes Heidenhain;1
Dr Gerlach (Notar);1
Dpto Logistica;1
Dozamel Z Oo;1
Dost Telekom;1
Dolní 100 Prostějov;1
Dn Automotive Italy Srl Uniperso;1
Dlr Institut Für Verkehrssystemtechnik;1
Dkv Praha Pj Vrsovice;1
Div Grupa Doo;1
Dirk Wenzel;1
Dirak Konstruktionselemente;1
Dipling Hans Reuter Gedore;1
Dipl Ing Wolfgang Allertshammer;1
Düperthal Sicherh & Co Kg;1
Dürr Technik & Co Kg;1
E Dold & Söhne & Co Kg;1
Ehmke Maschinenbau;1
Elit Instrument;1
Elettromil Sri;1
Elektroniklabor Carls;1
Elektromotoren Und Gerätebau;1
Elektro Komponenten Vertrieb;1
Elcometer Instruments;1
Elbe Flugzeugwerkw;1
Eke Electronics (Eke Group);1
Eisenkolb Idt;1
Eisenbahn Und Verkehrsbetriebe;1
Eisenbahn Bau Und Betriebsgesellschaft Pressnitztalbahn;1
Eike Bensmann Ibn Transptechn Mbh;1
Ehp Wägetechnik;1
Eh Batterien;1
E Stahl;1
Egolf Verpackungen;1
Egle Werkzeugbau & Co Kg;1
Egle Werkzeugbau;1
Efd Induction;1
Edold & Söhne;1
Edelstahl Schmitt;1
Ebm Papst Ibérica;1
Ebm Papst Iberisch;1
Ebm Papst Iberian;1
Eberbach & Co Kg;1
Eb Rebosio Srl;1
Eaton Emobility France;1
E+A Elektrotechnik Und Aggregatebau Betriebsgesellschaft Mbh;1
Fln Feuerlöschgeräte Neuruppin Vertriebs;1
Fm Infosystems;1
Fmbc March Beschichtungscenter;1
Fonderies Du Midi;1
Günter Bendick Kawe;1
Gühring;1
Görlitzer Paletten Handels;1
Görlitzer Hanf U Drahtseilerei;1
Gve;1
Gvb Verkehrs Und Betrges Mbh;1
Gvb Verk U Betriebsges Gera;1
Gva Leistungselektronik;1
Gußstahl Lienen;1
Gutehoffnungshutte Radsatz;1
Guk Technische Gummi Und Kunststoff;1
Gts Schweiz Customer Service;1
Gts Deutschland;1
Gsi Slv Schweißtechnische Lehr  Und Versuchsanstalt Berlin Brandenburg;1
Gsi Industriemontagen;1
Gsell Engineering Plastics | Gsell Medical Plastics;1
Gsell Engineering Plastics;1
Grundfos Pumpenfabrik;1
Großenhainer Gesenk Und Freiformschmiede;1
Groupe Legendre Zi Des Conneuils;1
Griwecolor;1
Grimm Waagen;1
Grillparzergasse 11;1
Griessbach;1
Greis Beschichtungstechnik Gmbh&Co;1
Greis Beschichtungstechnik;1
Greiner Schaltanlagen;1
Gravierwerkstatt Hauschild;1
Gogatec;1
Günter Lehmann Verkehrstechnik;1
H Costenoble & Cokg;1
Hafen Hamburg Ctb Terminal;1
Hc Electric Gesmbh;1
Helmholz & Pauli Leuchten;1
Held Automation;1
Heinz Seelecke;1
Heinz Metzger;1
Heinrichs & Cokg Metallwarenfabrik;1
Heinrichs & Cokg;1
Heilswannenweg 66;1
Heidenbluth;1
Heiden Power;1
Heba Teck;1
Heathcote Industrial Plastics;1
Hch Perschmann;1
Hcd Technik;1
Hauptzollamt Berlin;1
Hagn – Technische Elastomere;1
Haugg Industriekďż˝Hler;1
Haufe Werbung Görlitz;1
Hartensteinstraße 29;1
Happich Logistikzentrum;1
Hans Stork Betreibsgesellschaft;1
Hans Knobloch Maschinen Und Werkzeugbau;1
Hanmacher Beschläge;1
Handling Tech Automations Systeme;1
Hamburger Hochbahn Deutschland;1
Hallstein Maschinenbau;1
Hallstein Maschienenbau;1
Halle 2;1
Halfen Deha;1
Gmt Gummi Metalltechnik  Werk 6;1
Glova Rail A S;1
Gloria;1
Fritz Rensmann & Co Kg;1
Geb18 Aufg B304;1
Geb Schürer;1
Geag Notlichtsysteme;1
Gca Pusignan;1
Gca  Mira Barcosa;1
Gally Spa Su;1
G8 Investment Kft;1
Fábrica: Trápaga;1
Fvk Außenlager Paul Schockenmöhle;1
Funke Sicherheitssysteme;1
Funk Fuchs & Co Kg;1
Fundiciones Del Estanda;1
Fuchs Lubricants Germany;1
Fritz Becker;1
Gebr Fetting;1
Friedrich Köster;1
Freudenberg Sealing Technologies Bau 75 1 Og;1
Freudenberg Sealing Technologies;1
Freudenberg  Fft  Bau 355;1
Fresenius Umwelttechnik;1
Freja;1
Frederik Adebahr;1
Fraunhofer Instritut Für Bauphysik;1
Frauenhofer Institut F Siliziumtech Isit;1
Frank Lucas;1
Frank Haase;1
Forgex Raguet;1
Forgex;1
Gebr Becker;1
Gebr Schürer;1
Global Transaction Banking;1
Gillet Group;1
Glm Lasermeßtechnik;1
Gleniar;1
Glas Trösch Zweigniederlassung Rail;1
Glas Trösch Ursenbach;1
Gl Spezialverglasungen;1
Gl Spezialverglasung Niederlassung Mannheim;1
Gkn Sinter Metals Filters;1
Gk Formblech;1
Giprogmbh;1
Gino Rma3190;1
Gino Elektrotechnische Fabrik;1
Gima E K;1
Gillet Tools;1
Gglobal Logistic Services;1
Gedore Torque Solutions;1
Gfe Fremat;1
Gez Rail Solutions Halle Iii;1
Getec;1
Get Gesellschaft Für Elektro Technik;1
Gesellschaft Für Gerätebau Mbh;1
Gerken;1
Gerd Stettin;1
Gerd Blumenau;1
Gerald Heyn (Harting Deutschland &Cokg);1
Georg Jordan;1
Geodis On Behalf Of Atos;1
Gefertec Warenannahme;1
Gefeg Neckar Antriebssysteme;1
Dipl Ing Rupert Huber;1
Diehl Aviation;1
Dfv;1
Bel Power;1
Ateliers Techniques Mob Golden Pass Route De Chaulin 3 1822 Chernex;1
Asti Officine Tiberico;1
Ast Dresden Mess & Regeltechnik;1
Aser Schneid Und Gerätebau;1
As Taylor Transport Branston Industrial Estate;1
As Drives&Service;1
Artek Kesi̇M Teknoloji̇Leri̇ Ti̇Cltdşti̇;1
Arte Legno Composito (Switzerland);1
Arsam (Almacén);1
Arnold;1
Aris Antriebe & Steuerungen;1
Argatek (Ekide);1
Argatek  Ekide;1
Aq Wiring Systems Spzoo;1
Aq Trafo  Aq Magnit Ad;1
Aq Electric Ad El Cabinets Division;1
Aq Components Kodara;1
Aptomet;1
Apleona Nordost;1
Apleona Mitte West;1
Aoa Apparatebau;1
Antonio Perez;1
Antonics Businesspark;1
Antonics;1
Anritsu;1
Angst & Pfister;1
Angelstar Srl;1
Andrew Wireless Systems;1
Andreas Keiner Institut Für Lackprüfung Projekt Ice 4;1
Atherm;1
Atp Spa;1
Atradius Kreditversicherung;1
Baier + Koeppel & Co Kg;1
Behrendt;1
Becorit Abteilung: Testcenter;1
Beckers Group;1
Becker;1
Be Ge Industrie;1
Bayrische Oberlandbahn;1
Baumer Distributionszentrum;1
Barth + Co Kontraktlogistik & Central Warehouse;1
Barrat Saint Aignan;1
Barnshaws Polska Z Oo;1
Barat Ceit;1
Banco Bilbao Vizcaya Argentaria;1
Baker Hughes;1
Bahnstraße 65;1
Autohaus Berolina;1
Bachmann Electronic;1
Bacher Blechbearbeitung;1
BFG International;1
B+Z Elektronik;1
Ayse Karakus;1
Avt Europe;1
Avi;1
Außenlager Kupferhammer (Rämsch);1
Auxel;1
Automotive Components Reiter;1
Automationsteknik;1
Autohaus Gneumann;1
Autohaus G Neumann;1
Andreas Heuberger;1
Andreas Grothe;1
Andre Lange;1
Aa;1
Acton Works Depot Rew Goods In  Ac01;1
Action Gmg;1
Actia Systems Polígono Industrial “Los Olivos”;1
Acr Automotive Components;1
Acito Logistics;1
Acierplus Biars Sur Cère;1
Ac Salzinnes  Ateliere Sncb;1
Abtech;1
Abrm Instandhaltungswerk Sangerhausen;1
Abn Amro;1
Abel Marrero;1
Aa Logistics;1
Aa Logistic;1
A+K Hauschulz;1
Adrian Dasgupta;1
A Z Oberflächenveredelung;1
A Brickwedde;1
50 Beechtree Blvd;1
4Ps Central Station Deutschland;1
4Plcentral Station Deutschland;1
4 Rue De Londres;1
3M Deutschland;1
3 Zumpeweg;1
28 Schopshoferweg;1
20 In Der Beckuhl;1
2 Rue Henry Potez;1
2 4 Rue Du Dery;1
11 Rue Pierre Et Francoise Allaire;1
Adag;1
Aeroquip Hydraulik Service;1
Amr Hydraulik Dresden;1
Alco;1
Amperio;1
Ameron Frankfurt Neckarvillen Bouti;1
Amco Metall;1
Amco Das;1
Ambratec;1
Am Rathenaupart;1
Am Gewerbering;1
Alupoint & Co Kg;1
Aluminium Technik Weißenburg;1
Alsotm Rail Sweden;1
Alsace Toierie;1
Alois Berger & Co;1
Alcohol & Drug Checking Systems;1
Albert Fezer Maschinenfabrik;1
Agc Tiv Seneffe;1
Akkutron Handels;1
Akkuplus & Co Kg;1
Akemi;1
Ajax Loktechnik;1
Ait Austrian Institute Of Technology;1
Ais;1
Airsec Center;1
Airflow Lufttechnik;1
Air Wolf;1
Air Color Dresden;1
Agentur Für Arbeit;1
Agence Duplat;1
Agence Dessais Ferroviaire;1
Beijing Realhawk Tianyu Technology Co;1
Benning Elektronik & Elektrotechnik & Co Kg;1
Devotec;1
Bentheimer Eisenbahn;1
Continental Business Area Contitech;1
Contec Industrieausrüstungen;1
Consillium Marine & Safety;1
Consilium Marine&Safety;1
Consilium Marin & Safety;1
Conny Krauspe;1
Company Technicentre Sncf De Nevers Ateliers A7  Unite 47020 Abris Tie;1
Company Sc Indaeltrac Srl;1
Company Dsb Vedligehold;1
Commscope Technologies Andrew Wireless Systems;1
Comeg;1
Comatis;1
Cocheras De Metro Cuatro Vientos;1
Cm4 Enginyeria;1
Clerprem Spa;1
Clerprem;1
Clarion Collection Hotel Etage;1
Ciemmebi;1
Christtoph Luders Str;1
Christin Purmann;1
Christian Uhli;1
Christian Funke;1
Christian Bauer + Co Kg;1
Chocholná Velčice 999;1
Ceva Logistics Poland;1
Cetim Thierry Chaintreuil;1
Cetim Saint Etienne;1
Cetim;1
Ceské Dráhy  Ocú Západ;1
Corex Srl;1
Credit Agricole Corporate & Invest Bank;1
Critical Software Lisbon;1
Db Energie Energieanlagenservice Ost;1
Deußen Logistik Ludwigsfehlde;1
Despres Cedric;1
Depot De Lijn Deurne Product Introduction;1
Dehn Se;1
Deg Deutsche Elektro Gruppe;1
Decoral System Srl;1
De Lijn Antwerpen Antwerpen Noord;1
Dcp Dettmer Container Packing & Co Kg;1
Db Systemtechnik It Ivp21 Geb V21 Kalibrierservice;1
Db Services  Postservice;1
Db Schenker Magazyn Logistyczny W Bydgoszczy;1
Db Fahrzauginstandhaltung;1
Db Fahrverkehr Werk Spähenfelde;1
Db Dessau;1
Crosscontrolab;1
Db Cargo Werkebereich West;1
Db Cargo Seelze;1
Db Cargo  Eurocargorail;1
David Stäbner;1
Datatec;1
Danto Invention & Co Kg;1
Daniel Krüger;1
Dan Dryer A S;1
Dachser Spedition;1
D Toussaint Chemin De La Porte Rouge;1
Cts Container Terminal;1
Ct Park Storage Hall Number > A2;1
Ct Park;1
Ceske Drahy As;1
Ceska Sporitelna Qw;1
Ceska Sporitelna As A332 01 Team;1
Blg Industrietechnik &Co Kg;1
Bremer Straßen;1
Brecknell Willis Goods Outwards;1
Braunschweiger Verkehrs;1
Boyd;1
Bossard France;1
Bossard Austria;1
Borntalstraße 43;1
Borcad Cz As;1
Bohl;1
Bn Laser & Co Kg;1
Bls;1
Block Transformatoren;1
Blickle Räder+Rollen;1
Blg Industrielogistik & Cokg;1
Brezina 102Kovis Doo;1
Blg Industrielogistik;1
Biw Isolierstoffe;1
Bistolfi Srl;1
Bil Industrielackiererei;1
Bhepwoth Company;1
Betül Lobmeyer;1
Betz Kunststofftechnik Ek;1
Berolina Metallspritztechnik Wesnigk;1
Bernstrasse 281;1
Bernstein;1
Bernd Opitz;1
Bernd Kunze;1
Benzstr;1
Bresser Technology;1
Britta Frühauf;1
Centrum Telematiky A Diagnostiky Ùsek Diagnostiky Zabezpecovaci A Ra;1
Cargounit Z Oo;1
Centro Logistico De Renfe En Alcaza;1
Centro Logistico De Renfe;1
Centralbahn;1
Cellofoam Internationnal & Co Kg;1
Cellofoam International & Cokg;1
Cellofoam International;1
Ceit Zone Industrielle Nord;1
Cb Elmec;1
Carsten Marschner;1
Carl Walter Produktions & Co Kg;1
Carl Kurt Walther;1
Carl Bosch Str 5;1
Cargounit Z Oo Wrocław;1
Captrain Polska Depot Lokomotywowni;1
Brunel;1
Bümi Präzisionszerspannung & Co Kg;1
Büfa Composite Systems & Co Kg;1
Böhmer Gusstechnik & Co Kg;1
Bvsys Bildverarbeitungssysteme;1
Buschjost;1
Burulaş Bursaray;1
Bursa Büyükşehir Belediyesi;1
Bursa Büyüksehir Belediyesi Bursaray Isletme Merkezi;1
Buday D Amico;1
Buchen Sweden;1
Btren Mantenimiento Ferroviario Nueva Base De Mantenimiento Integral Renfe De Valladolid;1
Bst;1
Bsd;1
Hema Kunststoff;1
Henschel Antriebstechnik;1
Herbert Hoffmann;1
Oliver Wehmeier;1
Net Db Fahrzeuginstandh Außenlager Henschelhallen;1
Neomind;1
Nedelka Kubác Advokáti Sro (Jitka Linhartová);1
Neb Betriebsgesellschaft;1
Neasden Depot Stores;1
Natixis Corporate & Investment Banking;1
Nan;1
Naczelnik Drugiego Urzedu Skarbowego Warszawa Sródmiescie;1
Na Okluku 604;1
N + S Norm Und Sonderschrauben;1
Müller & Borggräfe;1
Mühlweg;1
Mühlberger;1
Möve Fahrzeugtechnik;1
Mäuler Logistik & Co Kg;1
Máv Start Zrt;1
Mytec Praezisionswerkzeuge;1
Mws Aluguss Klagenfurt;1
Mustafa Bacak;1
Musfeld Aircotech;1
Murplastik Systemtechnik;1
Muhammad Zafar;1
Muecap Vertriebsges Für Elektronische Bauelemente Mbh;1
Muecao Vertriebsges Mbh;1
Msv Metal Studénka As;1
Ms Mississauga_Se;1
Mr Haydn Vaughan Fleet Director Beacon Rail Leasing Limited;1
Move Fahrzeugsitze;1
Motsch Industrielackierung;1
Net Module;1
Netherlandse Spoorwegen Sco Lc;1
Neue Straße 1;1
Norddeutsche Elektrogroßhandelsgesellschaft Mbh;1
Oilcheck Retoure;1
Officine Stefanuto Srl;1
Oem Elektroniks;1
Odenwald Chemie Versand Tor2 Ost;1
Obul;1
O Fa Fft Produktionssysteme;1
Ns Onderhoudsberijf Onnen;1
Ns Onderhoudsbedrijf;1
Ns Leidschendam;1
Nosta;1
Norsborg Depa;1
Noris Automation;1
Nordisk Factoring A S Brodersen Controls;1
Nora Systems Logistik  Bau 69 Tor 3;1
Neuweiler Schweisstechnologie Und Maschinenbau;1
Nora Systems;1
Noma Transportation Design;1
Nmc;1
Nmb;1
Nils Ralfs;1
Niles;1
Niigata Transys Co Niigata Works;1
Nieday France;1
Nico Riffer;1
Ngs Union Kft;1
Nexans Schweiz;1
Nexans France;1
Nexans Deutschland;1
Mors Smitt Uk Limited;1
Moosmatt;1
Mondo Luxemburg;1
Max Systems;1
Metalik Spol S Ro;1
Met  Eurosystem Z Oo;1
Meltio Dept Poligono Industrial Los Rubial;1
Mekanotjänst;1
Meier Anlagenservice;1
Medical Care & Support;1
Mecatraction;1
Me Tec Srl;1
Mcr Engineering Lausitz;1
Mc&S Medical Care & Support;1
Mbm Industry & Rail Tech;1
Mbc March Beschichtungscenter;1
Maximilan Mohr;1
Mav Start Zrt Jbi Th Ferencvaros;1
Metallbau Arandt Gdr;1
Mauersberger & Fritsche & Co Kg;1
Matzen & Timm;1
Matthias Jursch;1
Matthias Dittrich;1
Matthes Maschinen Industrietechnik;1
Maschinenfabrik Liezen Und Giesserei Gesmbh;1
Maschinenbau Und Service Ammendorf;1
Maschinen Und Metallbau Bernd Ehmke;1
Marvin Schaller;1
Martin Rose;1
Martin Maass;1
Martin Jehle;1
Martin Heitze & Cokg;1
Metall Konzept & Cokg;1
Metallgiesserei Spremberg;1
Moeve Fahrzeugsitze;1
Microelettrica Scientifica Spa Via Lucania 2  20090 Buccinasco Milano (Italy);1
Mobile Climate Ontrol;1
Mittli & Co Kg;1
Mitteldeutsche Eisenbahn Dow Olefinverbund;1
Mitsubishi Electric Klimat Transportation Systems Spa;1
Mitsubishi Electric Klimat Transport System;1
Mineralmahlwerkt Hamm;1
Mikromat;1
Mikroma;1
Mike Kiesewetter;1
Mike Baert;1
Miejskie Przedsiębiorstwo Komunikacyjne;1
Microsensys Rfid In Motion;1
Microsensys;1
Micro Epsilon Messtechnik & Co;1
Metallgießerei Spremberg;1
Michel  Planen;1
Michael Van Lierde;1
Michael Magerl;1
Michael Bernhard;1
Miba Cooling Austria & Co Kg;1
Mg Industrieelektronik;1
Mfm Metallverarbeitung Mangner;1
Metrosector Waalhaven;1
Metronom Eisenbahn;1
Metalock Engineering;1
Metallwarenfabrik Bremen Vegesack;1
Metallwarenfabrik Bremen Gmgh;1
Metallguss Finsterwalde;1
Olaf Behrens;1
Omav Depot;1
Mark Thauer;1
Omc Etr Trenitalia Trainset 3;1
Railmaint Werk Delitzsch;1
Railcare T C O Kaunis Iron Terminal;1
Railcare Lokverkstad;1
Rail& Road Protec;1
Rail Power Systems;1
Rail Bohamet Oo;1
Rail Adventure Zughotel Ice4;1
Raiffeisenlandesbank Niederösterreich Wien;1
Rafi Gmbh&Co Kg;1
Radel (Pty) Meadowbrook Business Estate;1
Radel (Pty);1
Raaco;1
R Gansczyk;1
Qcs Quick Cargo Service;1
Qarbone (Groupe 6Napse)  94 Avenue Du Progrès Bâtiment D2 69680 Chassieu;1
Qarbon  94 Avenue Du Progrès Batiment D2;1
Pöppelmann & Co Kg;1
Pws Netphen;1
Pwk Knöbber & Cohandels Kg;1
Pwc Österreich;1
Pwb  Presswerk Böhl;1
Purkart Systemkomponenten & Co Kg;1
Ptc Rail Service;1
Ptc Corporate Administration;1
Pt Inka Multi Solusi Service;1
Pt Cpmunication Systems Pvt;1
Psi Speditons Mitsu Rail Capital Europe;1
Psi Spedition;1
Prose;1
Railpartner;1
Railpartner Sro;1
Ralf Schwarzer;1
Regensburger Ring 6 8;1
Rhein Neckar Verkehr Lager Ludwigshafen;1
Rfs World;1
Rfpd Operations Arrows Electronics Dlc;1
Rennsteig Werkzeuge;1
Renfe Villaverde  Omi De Madrid;1
Renfe Villaverde  Bmi De Madrid;1
Rene Debik;1
Rem Isoconex Creabois Concept;1
Reis Robotics & Cokg;1
Reifen Tauchmann;1
Reichenbacher Hamuel;1
Reichelt Elektronik;1
Reguvis Fachmedien;1
Regel Und Steuergeräte;1
Ralf Schwarzer Verkehrstechnik Werk 2;1
Regatron;1
Redur Málaga Logística Sl;1
Recht Logistik C O Bochumer Verein Verkehrste;1
Rebs;1
Re In Retail Internat;1
Razorsecure;1
Ravensburger Straße 128 134;1
Rattay;1
Rapid Mechanic;1
Raphael Ringot;1
Raphael Hofstädter;1
Rame Service Srl;1
Ramboll Deutschland;1
Promotion Service;1
Promeco Oy Yrityspuisto;1
Produktion Service Drach;1
Otto Ganter Gmbh& Co Kg;1
Peter Kollegger Ingenieurbüro;1
Perschmann Calibration;1
Pcs Professional Conference Systems;1
Pbf Engineering;1
Pas;1
Partex Marking Systems Z Oo;1
Parker Hannifin Industrial Sro;1
Parker Hannifin & Co Kg;1
Panduuit Ecw B V;1
Pack Solution Drach;1
Outokumpu Nirosta;1
Ottostahl;1
Otto Schoch;1
Otto Ganter & Co Kg;1
Pfbw Be 3 (Ice Werk);1
Ottec;1
Ostmecklenburgische Bahnwerke;1
Osg Iba Industrieberatung Dirk Abrie;1
Osg  Oran Safety Glass;1
Orx;1
Orion Bausysteme;1
Orbit One;1
Oratório Sys;1
Oran Palmach Tzuba;1
Oostzeestraat 1;1
Onderlift;1
Omnikon Notsignaltechnik;1
Omerin Division Silisol;1
Petr Halberstat Jv Trade Wg Sro Cz;1
Pfbw Be3;1
Prodel Electronics Z Oo;1
Podnikatelska 556;1
Preßnitztalbahn;1
Precitec & Co Kg;1
Precision Polymers Uk Moorland James Dawson;1
Precision Plymers Uk Moorland Site James Dawson;1
Ppt & Co Kg;1
Pphu Slavek Sławomir Jakubiak;1
Pp Uhr Komp Pdt Dgs;1
Powerbrige Computer;1
Powerbridge Computer;1
Power Lab;1
Polyvalente Werkplaats Melle;1
Polyval;1
Poly Tec;1
Pmo  Orlade Group;1
Pfinder Kg;1
Pleissner Guss;1
Plauener Strassenbahn;1
Pl 05 303 Minsk Mazowiecki Ul Dzwigowa 8;1
Pkp Cargo International As;1
Piotre Luczak;1
Pilkington Deutschland;1
Pilkington Automotive Finland Oy Laitila Factory;1
Pictum Oberflächentechk;1
Piccolo K L Behaltertechnik;1
Picaso Systems;1
Phoenix Cotact & Co Kg;1
Phoenix 3D Metaal;1
Philipp Heidvogel;1
Martek Power F;1
Magneti Ljubljana Dd;1
Herkules Presswerk Heerdt;1
Jessica Leemann;1
Innosent;1
Ingram Micro;1
Ingkwöhrer;1
Ingenieurbüro;1
Ing Erhard Fischer;1
Infranord Av;1
Infineon Technologies;1
Ineltro;1
Industrikomponenter Schaltbau;1
Industrikomponenter Inkom;1
Industriestrasse;1
Industrie Hydraulik;1
Industrial C & S Germany;1
Indupol International  Hoge Mauw Industriezone;1
Inductron Inductive Electronic;1
Inductron;1
Incorion Power Systems;1
Incoil Unduktion Pär Kapos;1
Ims Verbindungstechnik & Co Kg;1
Ime Elektrotechnik;1
Imcon Consulting;1
Im Unteren Feld 10;1
Im Instytut Mechaniki;1
Im Grüntal;1
Im Gorden 20;1
Ikerlan;1
Igw Romania;1
Iftec Gmbmh & Co Kg;1
Iftec;1
Innotech Marketing Und Konfektion Rot;1
Instalaciones Y Montajes Margon Sl;1
Institut Für Korrisionsschutz;1
Italcertifer Laboratori Test Wheelsets Zefiro;1
Jens Schneider;1
Jens Löwe;1
Jens Eek;1
Jenoptik Industrial Metrology Germany;1
Jenaer Verkehr;1
Jean Aret Zwar;1
Jana Sauer;1
Jan Marczyk Instytut Kolejnictwa Osrodek Eksploatacji Toru Doswiadczalnego Ik;1
Jacob Elektronik;1
J Siebmanns (Fabrik F Elektrotechnik);1
Izimmermann Maschinenbau;1
Ivu Traffic Technologies;1
Itt Ics;1
Istituto Giordano Spa  Gatteo Branch;1
Institut Für Maschinen;1
Istituto Giordano Spa;1
Istituto Giordano;1
Israel Depot Lod;1
Isr International Service& Repair;1
Isovolta Weren Nerndorf;1
Isolex C O Msm Stampi;1
Irmie Impianti Srl;1
Iph  Institut Prüffeld Für Elektr Hochleistungstechnik;1
Intime Express Logistik;1
Intertek Nederland Commoditie;1
Intermas Elcom;1
Interautomation Deutschland;1
Intecma Anlagentechnik C O Leg Leipziger Eisenbahnverkehrsgesellschaft Mbh;1
Ifoha & Co Kg;1
Ife;1
Idea Logisitics;1
Hima Paul Hildebrandt;1
Hr Andreas Langer;1
Howden Turbowerke;1
Hottinger Bruel & Kjaer;1
Hottinger Bruel;1
Hotel Centrovital;1
Hotel  Ibis Berlin Spandau;1
Horn;1
Holger Lisson;1
Hoffmann Supplay Chain;1
Hlg Holzlogistik Und Güterbahn Sicherheitsmanagment;1
Hlg;1
Hisarlar Makina Sanayi Ve Ticaret As;1
Hisarlar;1
Hga  Technik & Handel;1
Hr Martin Bienert;1
Hfg Transport Technik;1
Heyden Securit;1
Hexden Securit;1
Hess Bsh;1
Herrn Frank Beutner;1
Herr Wolfgang Postler;1
Herr Thomas Rosnerski;1
Herr Reiner Krukenberg;1
Herr Peter Solhart;1
Herr Jörg Winkelmann;1
Herr Hubertus Frerejean;1
Herr Hans Joachim Flader;1
Herr Erik Papenfuß;1
Hr Klaus Welsch;1
Hr Martin Jurenz;1
Ics Schneider Messtechnik;1
Hydac Verwaltung Zentrallager Werk 18D;1
Icomera Gate 2 & 3;1
Ice Werk Leipzig;1
Ibs Institut Für Brandschutztechnik Ges Mbh;1
Ibh Elektrotechnik;1
Ibc Wälzlager;1
Iat Srl;1
Iam Industrievertretung Ameyer;1
Iabg;1
Hörmann Vehicle Engineering;1
Härtetechnik Hagen;1
Hytork Vertriebsbüro;1
Hytorc Vertrieb Und Service;1
Hydraulik Bauteile;1
Hydac Systems Services;1
Hse Hennigsdorfer Stahl Engineering;1
Hydac Servicestelle Nord;1
Hydac International;1
Hy Line Power Components Vertriebs;1
Hvle Havelländische Eisenbahn;1
Hvl Eisenbahn;1
Hugro Armaturen;1
Hugo Küttner Straße 1 A;1
Huckele Metallverarbeitung Cnc Bearbeitung;1
Hu6 Cisco International;1
Htv Conservation;1
Hts Heat Transfer Systems Sro;1
Hsl Logistik;1
Hsgm Heisschneide Geräte Udn Maschinenbau;1
Jensen Aaron;1
Jiří Svoboda;1
Mag Industrie Batterie Service;1
Jl Automatik;1
Linz Linien  Bahnmagazin;1
Linklaters;1
Lilie & Cp Kg;1
Lilie & Cokg;1
Leroy Automation;1
Lerbs;1
Leonard Bauer & Co;1
Lenord+Bauer;1
Lem Europe At Fiege Building;1
Leineweber Mechanteile Und Sondermaschinenbau;1
Leica Geosystwms Austria;1
Leibniz Universität Hannover  Ial;1
Leibniz Universität Hannover;1
Leg Industielackiererei;1
Leeann Weiss;1
Leclanchè E Mobility;1
Lci Italy Srl Plant 303  Via Cavour 2 21040 Castronno (Va) – Italy;1
Lawatec Wasserstrahlschneiden;1
1 9 Kupferhammer;1
Lash & Lift;1
Laser Schneid Gerätebau;1
Lars Schirmer Industriedemontagen;1
Lantal Textiles;1
Lankwitzer Lackfabrik;1
Langlade Et Picard;1
Landgericht * 8 O 20 22 *;1
Landesverkehrsgesellschaft Niedersachsen Mbh (Lnvg);1
Land Schleswig Holstein C O Nah Sh;1
Lager Trelleborg Rampe 31;1
Lise Meitner Str 4;1
Lise Meitner Straße;1
Lkm;1
Ltw Intralogistics;1
Mag Christine Lanthaler;1
Mafelec –;1
Mafelec;1
M Pt Matjeschk Power Tools & Co Kg;1
Lyreco Deutschland;1
Lwr  Loco Workshop Rotterdam;1
Lutze Transportation;1
Lundgrens Sverige;1
Lukasiewicz  Centrum Badan Pojazdów;1
Lukas Hydraulik;1
Luehr Filter;1
Luebbeckerstr 240;1
Lubricant Consult;1
Ltg Servide Center;1
Lkomotion Ges Für Schienentraktion Mbh;1
Ltg Rail Denmark Aps;1
Lte Austria Fuhrparkmanagement Head Office;1
Lstom Servicestelle Br185 C O Db Railion Lokservicestelle Mhm Durchfahrt 320 Beachten;1
Lotos Kolej Z Oo;1
Lotos Kolej;1
Lotos;1
Lokomotion Gesellschaft Für Schienentraktion Mbh;1
Lokomotion;1
Logsol;1
Logistik Zollservice Heidenheim;1
Logistics Rte Des Vuarennes 50 1523 Granges Près Marnand;1
Logistic | Depot 630;1
Llp Electrovoz Kurastyru Zauyty;1
Laborex Industiezone 3 De Hez;1
Laboratory Bodo Möller;1
Laboratories Division Ima Materialforschung & Anwendungstechnik;1
Karan Singh;1
Kevin Luber Smo Rs Lmc Ep Pm;1
Keven Harnest;1
Kemokovina Krsko Doo;1
Kelvion Machine Cooling Systems;1
Keller&Kalmbach;1
Kdynium A S;1
Kaufmann;1
Kathrein Se;1
Kasper Rail Service Ug;1
Kasiglass;1
Karola Bader;1
Karl Pfestorf Präzisionsteile;1
Karl Berrang;1
Kapp Niles & Cokg Herr Stefan Adam;1
Kf Strahltechnik Dresden;1
Kapp Niles & Co Kg;1
Kangni Nanjing Economical & Technological;1
Kamet;1
Kalibrierlabor Krüger;1
Kabelbearbeitungssysteme Aac;1
Jürgens Gießerei;1
Jürgen Pommeranz;1
Jürgen Nödler;1
Jürgen Mießner;1
Jürgen Büttner;1
Jupo Mekatronik;1
Jukova Corporation Oy;1
João Pedro Teixeira (Critical Software);1
Keßler & Co Leipzig;1
Kieback & Peter & Co Kg;1
Laboratoire Oksman Seraphin 8 Rue Giotto 31520 Ramonville  France;1
Kreitzler Industriebühnen;1
Kühler & Co Kg;1
Köhler Automobiltechnik;1
Kyocera Avx Components Limited;1
Kyocera Avx Components;1
Kurz Elektroanlagen Gmbh&Co;1
Kurz Elektroanlagen & Cokg;1
Kuka Industries & Cokg;1
Kugel Edelstahlverarbeitung;1
Kts Transportgeräte & Fördertechnik & Co Kg;1
Kst Kugel Strahltechnik;1
Královopolská Slévárna Sro;1
Kroschke Sign International C O Hein;1
Kristin Barthel;1
Krautzeberger;1
Kitron Europe;1
Kraus Hardware;1
Krapf & Lex Nachf Verkehrstechnik & Cokg;1
Krapf & Lex & Co Kg;1
Kramsouth;1
Kowotec;1
Kontron Europe;1
Konica Minolta Sens Eu;1
Konecranes;1
Komsa;1
Kolster;1
Knoll Hydraulik;1
Knobloch Maschinen Und Werkzeugebau;1
Klima Tec Klimanlagen Und Standheizungen;1
Lash + Lift Zurr Und Hebetechnik;1
